OBJECTID,Neighborhood_2010_FID_BlockG,Neighborhood_2010_STATEFP10,Neighborhood_2010_COUNTYFP10,Neighborhood_2010_TRACTCE10,Neighborhood_2010_BLKGRPCE10,Neighborhood_2010_GEOID10,Neighborhood_2010_NAMELSAD10,Neighborhood_2010_MTFCC10,Neighborhood_2010_FUNCSTAT10,Neighborhood_2010_ALAND10,Neighborhood_2010_AWATER10,Neighborhood_2010_INTPTLAT10,Neighborhood_2010_INTPTLON10,Neighborhood_2010_Shape_Leng,Neighborhood_2010_FID_Neighb,Neighborhood_2010_AREA,Neighborhood_2010_PERIMETER,Neighborhood_2010_NEIGHBOR_,Neighborhood_2010_NEIGHBOR_I,Neighborhood_2010_HOOD,Neighborhood_2010_HOOD_NO,Neighborhood_2010_ACRES,Neighborhood_2010_SQMILES,Neighborhood_2010_DPWDIV,Neighborhood_2010_UNIQUE_ID,Neighborhood_2010_SECTORS,Neighborhood_2010_Shape_Le_1,Neighborhood_2010_Shape_Ar_1,Neighborhood_2010_Page_Number,SNAP_All_csv_Neighborhood,SNAP_All_csv_Sector__,Pop__1940,Pop__1950,Pop__1960,Pop__1970,Pop__1980,Pop__1990,Pop__2000,Pop__2010,F__Pop__Change__60_70,F__Pop__Change__70_80,F__Pop__Change__80_90,F__Pop__Change__90_00,F__Pop__Change__00_10,Pop__as___of_City_total__2010_,Land_Area__sq__mi_,SNAP_All_csv_Land_Area__acres_,Persons___sq__mi__2010_,Persons___sq__mi__2000_,SNAP_All_csv_Persons___acre__20,SNAP_All_csv_Persons___acre__21,SNAP_All_csv___African_American,SNAP_All_csv___Asian__2010_,SNAP_All_csv___Other__2010_,SNAP_All_csv___White__2010_,SNAP_All_csv___2__Races__2010_,SNAP_All_csv___Hispanic__of_any,F__Pop__Age___5__2010_,F__Pop__Age_5_19__2010_,F__Pop__Age_20_34__2010_,F__Pop__Age_35_59__2010_,F__Pop__Age_60_74__2010_,F__Pop__Age___75__2010_,SNAP_All_csv_Total___Units__200,SNAP_All_csv_Total___Units__201,SNAP_All_csv___Occupied_Units__,SNAP_All_csv___Vacant_Units__20,SNAP_All_csv___Occupied_Units_1,SNAP_All_csv___Owner_Occupied_U,SNAP_All_csv___Renter_Occupied_,Est__Avg__Yrs__of_Residence__20,SNAP_All_csv___Living_in_Househ,SNAP_All_csv___Living_in_Group_,SNAP_All_csv___Units_Built_00_0,SNAP_All_csv___Units_Built_90_9,SNAP_All_csv___Units_Built_80_8,SNAP_All_csv___Units_Built_60_7,SNAP_All_csv___Units_Built_40_5,SNAP_All_csv___Units_Built_befo,SNAP_All_csv_Median_Home_Value_,Med__Val____00_in__10_Dollars_,SNAP_All_csv_Median_Home__Value,SNAP_All_csv___Change_Real_Valu,SNAP_All_csv_Median_Sale_Price_,SNAP_All_csv___Sales_Counted__2,SNAP_All_csv_Foreclosures__2008,SNAP_All_csv_Foreclosures__2010,SNAP_All_csv___of_all_Housing_U,Total_Age_16__N_hood_Residents_,SNAP_All_csv_Resident_Jobs__Con,SNAP_All_csv_Resident_Jobs__Man,SNAP_All_csv_Resident_Jobs__Ret,SNAP_All_csv_Resident_Jobs__Tra,SNAP_All_csv_Resident_Jobs__Inf,SNAP_All_csv_Resident_Jobs__Fin,SNAP_All_csv_Resident_Jobs__Pro,SNAP_All_csv_Resident_Jobs__Edu,SNAP_All_csv_Resident_Jobs__Art,SNAP_All_csv_Resident_Jobs__Pub,SNAP_All_csv_Resident_Jobs__Oth,Total___Jobs_Located_in_N_hood_,SNAP_All_csv_Jobs_in__Hood__Con,SNAP_All_csv_Jobs_in__Hood__Man,SNAP_All_csv_Jobs_in__Hood__Ret,SNAP_All_csv_Jobs_in__Hood__Tra,SNAP_All_csv_Jobs_in__Hood__Inf,SNAP_All_csv_Jobs_in__Hood__Fin,SNAP_All_csv_Jobs_in__Hood__Pro,SNAP_All_csv_Jobs_in__Hood__Edu,SNAP_All_csv_Jobs_in__Hood__Art,SNAP_All_csv_Jobs_in__Hood__Pub,SNAP_All_csv_Jobs_in__Hood__Oth,SNAP_All_csv_Total_Pop__25_and_,Edu__Attainment__Less_than_High,Edu__Attainment__High_School_Gr,Edu__Attainment__Assoc__Prof__D,Edu__Attainment__Bachelor_s_Deg,Edu__Attainment__Postgraduate_D,SNAP_All_csv_1999_Median_Income,SNAP_All_csv_2009_Median_Income,SNAP_All_csv_1999_Median_Inco_1,F2009_Med__Income___13_Dollars_,Est__Pop__for_which_Poverty_Cal,Est__Pop__Under_Poverty__2010_,Est__Percent_Under_Poverty__201,SNAP_All_csv__Part_1__Major_Cri,SNAP_All_csv__Part_2_Reports__2,SNAP_All_csv__Other_Police_Repo,SNAP_All_csv_Part_1_Crime_per_1,SNAP_All_csv_Part_2_Crime_per_1,SNAP_All_csv__Murder__2010_,SNAP_All_csv__Rape__2010_,SNAP_All_csv__Robbery__2010_,F_Agr__Assault__2010_,SNAP_All_csv__Burglary__2010_,SNAP_All_csv__Auto_Theft__2010_,SNAP_All_csv__Drug_Violations__,SNAP_All_csv_Land_Area__acres1,Approx__Total___Parcels__2010_,Approx__Total___Taxable_Parcels,Approx____of_Structures__2010_,Approx____Unoccupied_Parcels__2,SNAP_All_csv___Good___Excellent,SNAP_All_csv___Average_Conditio,SNAP_All_csv___Poor___Derelict_,F__Residential_Bldg__Permits__2,F__Residential_Bldg__Permits__3,F__Commercial_Bldg__Permits__20,F__Commercial_Bldg__Permits__21,SNAP_All_csv___Code_Violations_,F__of_all_Bldgs__w__Code_Violat,SNAP_All_csv___Condemned_Struct,F__of_all_Bldgs__Condemned__201,SNAP_All_csv___Demolitions__201,F__Tax_Delinquent_Prop___2__yrs,F__of_Taxable_Prop__Delinquent_,SNAP_All_csv_Landslide_Prone___,SNAP_All_csv_Undermined____land,SNAP_All_csv_Flood_Plain____lan,SNAP_All_csv___Street_Trees,SNAP_All_csv_Park_Space__acres_,SNAP_All_csv_Park_Space____of_l,Park_Space__acres_1000_pers__,SNAP_All_csv_Greenway____of_lan,SNAP_All_csv_Woodland____of_lan,SNAP_All_csv_Cemetery____of_lan,SNAP_All_csv_Residential,SNAP_All_csv_Mixed_Use___Commer,SNAP_All_csv_Mixed_Use___Indust,Institutional___Edu____Med_,SNAP_All_csv_Open_Space,SNAP_All_csv_Hillside,SNAP_All_csv_Special_Land_Use,SNAP_All_csv_Miles_of_Major_Roa,SNAP_All_csv_Total_Street_Miles,Street_Density__st__mi_area_sq_,SNAP_All_csv___Sets_of_Steps,SNAP_All_csv___Step_Treads,Res__Permit_Parking_Area_s_,Total_Working_Pop___Age_16____2,SNAP_All_csv_Commute_to_Work__D,SNAP_All_csv_Commute_to_Work__C,SNAP_All_csv_Commute_to_Work__P,SNAP_All_csv_Commute_to_Work__T,SNAP_All_csv_Commute_to_Work__M,SNAP_All_csv_Commute_to_Work__B,SNAP_All_csv_Commute_to_Work__W,SNAP_All_csv_Commute_to_Work__O,SNAP_All_csv_Work_at_Home__2010
1,0,42,003,040500,1,420030405001,Block Group 1,G5030,S,268195,0,+40.4406805,-079.9542332,7988.379391,62,7843108,11526.863,63,2145,Central Oakland,20,180.883,0.281,3,113,14,11526.863222,7843108.22191,,Central Oakland,14,7852,8452,6701,6135,5872,5406,5281,6086,-8.45%,-4.29%,-7.94%,-2.31%,15.24%,1.99%,0.3,179.8,21658.4,18793.6,33.8,29.4,5.27%,8.51%,1.27%,83.04%,1.91%,2.60%,0.60%,12.37%,72.28%,6.72%,3.82%,4.21%,2555,2531,94.2%,5.8%,1970,13.8%,86.2%,0,93.3%,6.7%,0.3%,2.1%,8.3%,26.2%,17.6%,45.3%,"$62,100","$78,637","$144,350",83.6%,"$104,940",22,1,1,0.0%,2652,2.4%,1.0%,14.3%,1.5%,6.1%,3.1%,4.2%,40.8%,23.0%,2.7%,0.9%,3862,0.8%,1.3%,11.7%,1.3%,1.4%,4.4%,6.0%,47.5%,18.5%,1.4%,5.8%,1075,23.6%,39.5%,3.4%,14.9%,18.5%,14888,16717,19777,18222,4472,2897,64.8%,236,164,139,3.9,2.7,0,1,23,8,66,14,7,179.8,1127,1015,806,64,5.3%,91.5%,3.2%,12,61727,35,14855045,258,32.0%,1,0.1%,3,6,0.6%,10.6%,0.0%,0.0%,237,12.4,6.9%,2,0.0%,3.9%,0.0%,46.2%,1.0%,0.0%,10.3%,16.2%,3.5%,22.7%,1.12,9.5,33.8,7,462,"B, D",2509,16.3%,6.9%,13.3%,0.0%,0.0%,0.0%,62.4%,0.0%,1.2%
2,1,42,003,040400,1,420030404001,Block Group 1,G5030,S,75472,0,+40.4458408,-079.9483932,3813.620989,40,13904629,20941.387,41,2123,North Oakland,56,320.679,0.499,3,25,14,20941.386025,13904629.0582,,North Oakland,14,6127,8063,7453,8666,8708,10836,9857,10551,16.28%,0.48%,24.44%,-9.03%,7.04%,3.45%,0.5,319.4,21144.3,19753.5,33,30.9,8.12%,15.23%,1.07%,72.96%,2.62%,2.70%,1.08%,39.80%,37.67%,7.50%,6.72%,7.22%,4003,3761,94.5%,5.5%,3234,29.3%,70.7%,6,56.0%,44.0%,2.6%,1.7%,6.0%,22.8%,27.2%,39.7%,"$222,423","$281,654","$273,000",-3.1%,"$145,000",61,1,8,0.2%,3512,0.6%,2.1%,10.1%,2.0%,0.3%,2.0%,9.0%,52.2%,16.7%,3.2%,1.8%,18174,0.9%,1.9%,3.3%,0.8%,3.1%,2.4%,5.7%,69.5%,8.8%,1.0%,2.5%,3050,4.3%,23.1%,15.3%,27.4%,29.9%,41532,50004,55171,54504,5077,1989,39.2%,182,136,160,1.7,1.3,0,0,16,7,35,13,12,319.4,1314,1152,525,116,15.4%,81.9%,2.6%,6,55724,37,5549081,51,9.7%,1,0.2%,1,9,0.8%,17.9%,7.3%,0.0%,635,14.6,4.6%,1.4,0.0%,2.1%,0.0%,34.4%,0.0%,6.1%,42.4%,1.4%,8.1%,7.6%,2.45,15,30.1,4,72,"S, Q",3436,20.6%,7.2%,11.5%,0.4%,0.0%,2.9%,52.6%,0.4%,4.4%
3,2,42,003,040200,2,420030402002,Block Group 2,G5030,S,282679,0,+40.4412437,-079.9626107,8260.915502,61,5999801.5,18271.426,62,2144,West Oakland,88,138.372,0.215,3,21,14,18271.426385,5999801.02567,,West Oakland,14,2952,4073,3658,3140,2955,1938,2272,2604,-14.16%,-5.89%,-34.42%,17.23%,14.61%,0.85%,0.2,137.6,12111.6,10567.4,18.9,16.5,38.52%,6.49%,0.50%,52.73%,1.77%,2.30%,1.93%,38.86%,29.38%,17.01%,8.06%,4.76%,638,687,86.5%,13.5%,580,38.4%,61.6%,2,58.9%,41.1%,10.2%,21.9%,0.0%,13.9%,6.9%,47.1%,"$47,500","$60,149","$61,100",1.6%,"$66,000",17,3,1,0.1%,834,4.3%,0.5%,5.9%,3.4%,0.0%,2.5%,10.7%,45.7%,10.9%,8.2%,8.0%,12895,1.6%,1.3%,1.0%,0.5%,0.3%,0.8%,3.1%,88.3%,1.3%,0.6%,1.3%,1036,12.0%,46.7%,4.1%,20.1%,17.2%,23517,20962,31240,22849,1626,758,46.6%,82,65,80,3.1,2.5,1,1,13,4,14,8,13,137.6,801,540,140,82,0.6%,89.7%,9.7%,8,63786,24,9080856,50,35.7%,1,0.7%,0,92,17.0%,64.5%,19.2%,0.0%,73,1.1,0.8%,0.4,0.0%,13.4%,0.0%,25.5%,3.9%,0.0%,42.1%,0.1%,26.4%,2.0%,1.26,6.49,30.2,6,376,"B, C",834,35.5%,1.0%,22.1%,0.0%,0.0%,0.0%,40.8%,0.7%,0.0%
4,3,42,003,030500,2,420030305002,Block Group 2,G5030,S,284548,0,+40.4403871,-079.9813476,8670.428122,56,7202139,15696.759,57,2139,Crawford-Roberts,24,166.101,0.258,3,19,15,15696.75923,7202138.92257,,Crawford-Roberts,15,17045,17334,10277,5938,3558,2459,2724,2256,-42.22%,-40.08%,-30.89%,10.78%,-17.18%,0.74%,0.3,165.1,8744.2,10558.1,13.7,16.5,82.49%,1.06%,0.71%,13.61%,2.13%,1.40%,2.83%,18.07%,21.04%,30.27%,16.02%,11.77%,1540,1270,90.9%,9.1%,1230,24.5%,75.5%,3,100.0%,0.0%,8.5%,29.0%,7.3%,22.4%,7.8%,25.0%,"$70,800","$89,654","$94,600",5.5%,"$11,500",28,1,2,0.2%,645,0.0%,4.7%,13.3%,9.0%,5.0%,6.8%,1.7%,43.3%,10.5%,4.2%,1.6%,884,1.1%,2.3%,2.8%,0.5%,2.3%,5.1%,4.0%,42.4%,0.0%,20.4%,19.2%,1312,27.6%,46.0%,5.9%,13.7%,6.8%,13449,14932,17866,16276,2048,988,48.2%,129,197,102,5.7,8.7,0,0,16,10,20,21,90,165.1,1324,784,393,701,27.6%,52.8%,19.6%,32,2749280,9,3345611,65,16.5%,14,3.6%,18,151,19.3%,24.7%,0.7%,0.0%,417,5.3,3.2%,2.4,0.0%,4.8%,0.0%,73.4%,12.5%,0.0%,0.0%,6.1%,0.3%,7.8%,1.57,11.09,43,4,197,W,635,65.4%,9.6%,16.5%,2.0%,0.0%,0.0%,6.5%,0.0%,0.0%
5,5,42,003,020300,1,420030203001,Block Group 1,G5030,S,1593129,329216,+40.4544996,-079.9812762,24019.532865,27,16947852,23903.078,28,2110,Strip District,80,390.864,0.608,1,23,13,23903.077852,16947852.9683,,Strip District,13,4363,3207,1756,965,514,275,266,616,-45.05%,-46.74%,-46.50%,-3.27%,131.58%,0.20%,0.6,389.1,1013.2,437.5,1.6,0.7,15.58%,6.33%,0.16%,75.65%,2.27%,1.60%,0.00%,5.54%,30.28%,36.03%,17.27%,10.87%,195,473,85.2%,14.8%,254,37.0%,63.0%,0,100.0%,0.0%,0.0%,0.0%,5.2%,12.9%,4.5%,77.4%,"$215,900","$273,394","$161,800",-40.8%,"$250,000",17,0,20,4.2%,277,0.0%,14.8%,6.9%,3.6%,3.2%,15.5%,21.7%,15.9%,5.1%,7.9%,5.4%,11228,12.1%,6.8%,6.1%,9.3%,10.4%,10.9%,13.6%,6.1%,7.9%,3.8%,13.1%,443,8.4%,27.3%,12.4%,33.4%,18.5%,41719,64868,55420,70706,469,10,2.1%,155,167,142,25.2,27.1,0,0,12,14,20,18,38,389.1,809,623,252,246,12.7%,72.2%,15.1%,0,0,24,2574201,12,4.8%,2,0.8%,0,17,2.7%,10.9%,0.0%,54.2%,173,6.6,1.7%,10.6,0.0%,3.1%,0.0%,0.0%,0.0%,71.2%,0.0%,0.2%,10.7%,17.9%,5.16,17.34,28.5,1,65,None,277,53.8%,19.1%,18.1%,0.0%,0.0%,0.0%,0.0%,0.0%,9.0%
6,6,42,003,020100,4,420030201004,Block Group 4,G5030,S,281715,0,+40.4406777,-079.9892121,7297.919732,57,17846686,23034.955,58,2140,Central Business District,17,411.593,0.64,1,24,16,23034.954703,17846685.4874,,Central Business District,16,7864,7517,2211,3679,3220,3785,2721,3629,66.40%,-12.48%,17.55%,-28.11%,33.37%,1.19%,0.6,409.6,5670.3,4251.6,8.9,6.6,15.98%,4.71%,1.96%,74.57%,2.78%,3.30%,0.56%,12.32%,27.77%,32.39%,14.46%,12.50%,1623,2342,81.4%,18.6%,1627,24.0%,76.0%,0,72.7%,27.3%,4.2%,1.8%,3.9%,39.5%,14.8%,35.8%,"$59,400","$75,218","$125,800",67.2%,"$240,000",99,1,6,0.3%,1610,2.2%,6.6%,6.3%,2.9%,6.6%,12.4%,12.4%,27.5%,13.2%,0.0%,9.8%,95545,3.8%,5.9%,6.7%,3.9%,6.0%,23.0%,23.4%,7.5%,5.9%,8.2%,5.8%,2163,10.9%,44.9%,9.4%,16.1%,18.7%,20500,37475,27232,40848,2405,692,28.8%,789,566,386,21.7,15.6,0,4,55,27,66,20,66,409.6,1588,1351,222,227,32.0%,54.5%,13.5%,0,0,137,61851741,34,15.3%,0,0.0%,1,14,1.0%,0.1%,0.0%,30.5%,694,29.2,7.1%,8,0.0%,0.0%,0.0%,0.0%,0.0%,0.4%,0.0%,9.1%,0.1%,90.4%,13.55,30.84,48.2,0,0,None,1566,24.8%,5.4%,21.1%,0.0%,0.0%,0.0%,42.0%,0.0%,6.8%
7,7,42,003,262000,1,420032620001,Block Group 1,G5030,S,607576,0,+40.4632158,-079.9941680,12055.426146,15,17550592,18197.82,16,2098,Spring Hill-City View,75,404.765,0.63,1,23,1,18197.81989,17550591.7727,,Spring Hill-City View,1,7833,7178,6389,5275,3803,3288,3040,2648,-17.44%,-27.91%,-13.54%,-7.54%,-12.89%,0.87%,0.6,403.2,4203.2,4825.4,6.6,7.5,28.47%,0.68%,0.38%,67.94%,2.53%,1.60%,11.41%,15.19%,17.28%,33.80%,11.63%,10.68%,1392,1326,87.5%,12.5%,1191,49.7%,50.3%,5,95.6%,4.4%,0.0%,0.0%,8.4%,17.3%,32.9%,41.4%,"$43,700","$55,337","$58,900",6.4%,"$11,750",42,14,7,0.5%,907,2.8%,6.1%,13.0%,2.2%,0.0%,9.4%,13.0%,34.1%,9.7%,2.8%,7.1%,270,9.3%,0.0%,0.0%,40.7%,0.0%,11.1%,0.0%,38.9%,0.0%,0.0%,0.0%,1900,19.3%,58.7%,7.3%,9.9%,4.8%,20926,21875,27798,23844,2576,869,33.7%,121,173,49,4.6,6.5,0,0,15,15,32,9,52,403.2,1527,1251,1217,405,4.8%,91.3%,4.0%,13,109259,3,34001,45,3.7%,16,1.3%,10,218,17.4%,57.2%,15.8%,0.0%,115,20,5.0%,7.5,9.1%,26.2%,2.7%,40.7%,1.7%,0.0%,0.0%,7.8%,49.7%,0.0%,1.92,15.18,24.1,16,1393,None,899,53.1%,18.2%,14.8%,0.0%,0.0%,6.3%,4.4%,0.0%,3.1%
8,8,42,003,261500,1,420032615001,Block Group 1,G5030,S,350522,0,+40.4733966,-080.0097343,8208.50481,13,25220622,26399.697,14,2096,Perry South,62,581.656,0.905,1,21,2,26399.698533,25220621.1697,,Perry South,2,14666,14462,12382,10385,7355,6303,5276,4145,-16.13%,-29.18%,-14.30%,-16.29%,-21.44%,1.36%,0.9,579.2,4580.1,5829.8,7.2,9.1,68.73%,0.51%,1.25%,26.54%,2.97%,1.10%,3.81%,24.73%,20.95%,32.33%,10.61%,7.57%,2612,2361,76.5%,23.5%,1728,46.9%,53.1%,5,98.2%,1.8%,4.4%,1.5%,7.9%,16.0%,24.8%,45.4%,"$44,500","$56,350","$51,350",-8.9%,"$4,798",114,36,15,0.6%,1533,3.0%,2.9%,4.7%,4.8%,1.9%,9.8%,12.5%,34.1%,8.6%,8.9%,8.8%,987,5.6%,5.6%,4.1%,0.4%,0.0%,1.4%,4.6%,61.8%,3.0%,1.0%,12.6%,2620,15.4%,63.5%,5.3%,12.4%,3.3%,25910,29797,34419,32478,3828,1418,37.0%,221,310,132,5.3,7.5,2,0,11,29,82,28,87,579.2,3154,2477,1909,1252,5.0%,83.3%,11.8%,28,370466,4,63900,162,8.5%,92,4.8%,34,738,29.8%,31.9%,5.5%,0.0%,303,13,2.2%,3.1,2.2%,13.7%,13.5%,37.7%,1.5%,1.2%,4.2%,16.9%,38.4%,0.0%,3.45,23.12,25.5,29,1783,None,1485,52.7%,10.2%,32.8%,0.0%,0.0%,0.0%,3.6%,0.0%,0.7%
9,10,42,003,261200,1,420032612001,Block Group 1,G5030,S,1057787,0,+40.4922173,-080.0081121,20906.829503,1,12232021,20910.936,2,2084,Summer Hill,81,282.104,0.439,1,57,1,20910.934412,12232020.2959,,Summer Hill,1,1593,1728,2100,2245,1518,1219,1028,1051,6.90%,-32.38%,-19.70%,-15.67%,2.24%,0.34%,0.4,281,2394.1,2341.7,3.7,3.7,15.22%,0.00%,0.00%,82.40%,2.38%,1.00%,5.94%,11.79%,25.06%,38.91%,9.89%,8.41%,551,510,94.3%,5.7%,539,64.7%,35.3%,5,100.0%,0.0%,0.0%,3.9%,0.0%,23.4%,32.5%,40.3%,"$76,100","$96,365","$94,400",-2.0%,"$67,500",21,6,0,0.0%,646,12.7%,0.0%,12.2%,9.8%,7.3%,7.3%,0.0%,17.8%,4.0%,25.4%,3.6%,157,0.0%,2.5%,0.0%,2.5%,66.9%,0.0%,2.5%,9.6%,0.0%,0.0%,15.9%,945,3.8%,70.1%,11.3%,13.9%,1.0%,39018,39034,51832,42547,1213,96,7.9%,13,22,13,1.2,2.1,0,0,0,1,2,2,1,281,616,558,534,119,8.4%,90.4%,1.1%,7,81418,2,38000,17,3.2%,1,0.2%,0,29,5.2%,52.8%,2.7%,0.0%,137,0,0.0%,0,0.0%,18.8%,0.0%,50.8%,9.3%,0.0%,0.0%,0.0%,39.9%,0.0%,4.94,12.68,28.9,0,0,None,643,94.6%,2.8%,2.6%,0.0%,0.0%,0.0%,0.0%,0.0%,0.0%
10,11,42,003,260900,1,420032609001,Block Group 1,G5030,S,812036,0,+40.4776383,-080.0025945,13757.332026,9,8739570,13813.638,10,2092,Northview Heights,58,201.558,0.313,1,113,1,13813.637535,8739570.2277,,Northview Heights,1,662,727,527,4561,3217,2746,2526,1214,765.46%,-29.47%,-14.64%,-8.01%,-51.94%,0.40%,0.3,200.3,3878.6,8070.3,6.1,12.6,90.53%,0.08%,0.41%,4.70%,4.28%,2.10%,19.76%,35.19%,15.17%,15.56%,8.40%,5.91%,879,723,63.6%,36.4%,527,0.0%,100.0%,4,100.0%,0.0%,0.0%,10.5%,2.8%,55.5%,10.1%,21.1%,"$29,400","$37,229",N/A,N/A,"$30,903",2,0,1,0.1%,296,0.0%,8.4%,15.5%,0.0%,0.0%,15.2%,13.5%,20.6%,7.1%,14.9%,4.7%,210,0.0%,0.0%,59.5%,0.0%,0.0%,0.0%,0.0%,35.7%,0.0%,0.0%,4.8%,578,24.9%,64.5%,10.6%,0.0%,0.0%,9256,12933,12296,14097,1436,834,58.1%,63,126,30,5.2,10.4,1,0,6,17,16,1,19,200.3,97,50,129,56,n/a,n/a,n/a,0,0,16,1296726,0,0.0%,1,0.8%,0,21,42.0%,38.0%,9.7%,0.0%,7,0,0.0%,0,0.0%,28.8%,0.0%,53.1%,1.0%,3.3%,0.0%,42.5%,0.1%,0.0%,3.16,5.79,18.5,0,0,None,296,8.4%,0.0%,77.4%,0.0%,0.0%,0.0%,5.7%,0.0%,8.4%
11,12,42,003,260700,2,420032607002,Block Group 2,G5030,S,301991,0,+40.4818975,-080.0108700,11322.837265,2,33781248,30858.816,3,2085,Perry North,61,779.088,1.212,1,18,2,30858.817773,33781247.3924,,Perry North,2,8355,8354,7918,7601,5878,4927,4669,4050,-4.00%,-22.67%,-16.18%,-5.24%,-13.26%,1.32%,1.2,775.7,3341.6,3852.3,5.2,6,32.35%,0.89%,0.96%,62.67%,3.14%,1.80%,6.25%,14.84%,24.57%,37.40%,10.20%,6.74%,2116,1929,87.0%,13.0%,1698,76.5%,23.5%,7,97.5%,2.5%,0.0%,0.7%,7.5%,12.0%,22.2%,57.6%,"$61,850","$78,321","$76,300",-2.6%,"$43,750",96,24,20,1.0%,2200,9.7%,6.0%,9.8%,4.7%,3.7%,6.0%,9.8%,31.1%,7.6%,2.5%,9.0%,629,1.6%,4.8%,0.0%,1.6%,2.2%,3.2%,6.4%,66.0%,1.6%,6.4%,6.4%,3073,11.4%,54.3%,11.3%,16.7%,6.2%,42705,46250,56729,50412,4273,621,14.5%,112,199,77,2.8,4.9,1,0,6,8,45,12,31,775.7,2280,1842,1971,498,1.7%,96.5%,1.8%,19,344699,3,55500,57,2.9%,18,0.9%,3,166,9.0%,59.0%,3.3%,0.0%,402,258.6,33.3%,63.9,0.0%,37.6%,0.0%,38.4%,1.0%,0.0%,0.0%,44.9%,15.6%,0.0%,5.56,27.11,22.4,18,997,None,2056,67.4%,14.1%,13.1%,0.0%,0.0%,0.0%,3.7%,0.0%,1.7%
12,13,42,003,563100,2,420035631002,Block Group 2,G5030,S,880129,0,+40.4320100,-080.0530374,14820.149189,65,19295586,20939.387,66,2148,Westwood,89,445.009,0.692,5,6,4,20939.385105,19295586.8644,,Westwood,4,2448,2630,3956,4603,3611,3282,3093,3066,16.35%,-21.55%,-9.11%,-5.76%,-0.87%,1.00%,0.7,442.9,4430.6,4469.7,6.9,7,8.15%,5.68%,0.68%,82.68%,2.80%,1.40%,5.09%,16.77%,21.52%,38.20%,11.96%,6.46%,1499,1496,93.8%,6.2%,1470,78.2%,21.8%,9,100.0%,0.0%,0.7%,2.7%,2.8%,25.3%,44.2%,24.2%,"$72,200","$91,427","$93,700",2.5%,"$70,000",49,11,2,0.1%,1623,2.7%,16.8%,10.2%,2.1%,0.9%,9.2%,9.2%,27.3%,5.8%,6.4%,9.5%,1105,7.7%,5.0%,24.4%,2.3%,1.8%,2.7%,19.0%,16.3%,6.3%,2.7%,11.8%,2408,10.7%,51.4%,10.0%,13.2%,14.7%,36820,49877,48912,54366,3220,186,5.8%,57,53,44,1.9,1.7,0,1,1,4,17,6,3,442.9,1581,1487,1391,278,22.7%,76.4%,0.9%,21,415770,1,19500,25,1.8%,4,0.3%,1,65,4.4%,15.2%,79.6%,0.0%,306,14.4,3.3%,4.7,0.0%,23.2%,0.0%,71.9%,7.3%,5.4%,0.0%,1.7%,13.8%,0.0%,2.41,16.64,24,8,375,None,1563,63.0%,11.4%,12.9%,0.0%,1.2%,0.0%,8.7%,0.0%,2.9%
13,14,42,003,562400,5,420035624005,Block Group 5,G5030,S,138709,0,+40.4197360,-079.9991617,6015.556207,80,11723429,13432.413,81,2163,Beltzhoover,9,270.374,0.421,4,113,6,13432.412217,11723428.2416,,Beltzhoover,6,8407,8153,7064,5908,4206,3338,2783,1925,-16.36%,-28.81%,-20.64%,-16.63%,-30.83%,0.63%,0.4,269.4,4572.4,6610.5,7.1,10.3,83.32%,0.16%,1.87%,9.92%,4.73%,2.00%,6.18%,26.83%,12.87%,29.18%,12.97%,11.98%,1298,1085,73.5%,26.5%,849,73.5%,26.5%,17,100.0%,0.0%,2.8%,0.0%,0.8%,9.2%,19.8%,67.4%,"$34,000","$43,054","$36,000",-16.4%,"$2,744",39,12,11,1.0%,706,0.0%,1.3%,13.6%,10.6%,7.6%,15.0%,11.2%,22.2%,8.9%,1.0%,8.5%,411,2.4%,12.2%,2.4%,37.7%,2.4%,1.0%,13.4%,21.9%,1.0%,1.0%,4.6%,1369,19.3%,54.3%,13.8%,8.3%,4.2%,26750,33869,35535,36917,2066,485,23.5%,83,131,85,4.3,6.8,1,0,6,10,28,8,38,269.4,1762,1560,1302,599,1.7%,85.3%,13.0%,10,79095,2,24000,169,13.0%,48,3.7%,29,620,39.7%,17.9%,77.0%,1.1%,200,55,20.4%,28.6,0.0%,12.5%,0.0%,64.7%,2.7%,1.3%,0.0%,20.0%,11.3%,0.0%,3.32,17.26,41,16,595,None,706,45.8%,8.1%,43.1%,0.0%,0.0%,0.0%,0.0%,0.0%,3.1%
14,15,42,003,981000,1,420039810001,Block Group 1,G5030,S,1377043,0,+40.4730821,-079.9488759,20578.375618,12,26848464,25420.65,13,2095,Central Lawrenceville,18,619.199,0.963,2,24,13,25420.649373,26848463.3819,,Central Lawrenceville,13,14148,12594,10251,8043,6563,5867,5106,4482,-21.54%,-18.40%,-10.60%,-12.97%,-12.22%,1.47%,1,616.3,4654.2,5302.2,7.3,8.3,9.42%,1.74%,0.76%,86.17%,1.92%,1.70%,3.16%,14.27%,15.69%,38.65%,15.58%,12.65%,2904,2670,85.9%,14.1%,2388,49.2%,50.8%,6,95.5%,4.5%,0.5%,1.4%,2.0%,5.5%,14.2%,76.4%,"$41,950","$53,121","$66,850",25.8%,"$67,500",107,11,11,0.4%,2180,3.9%,5.5%,7.3%,8.0%,3.4%,2.3%,11.4%,28.4%,9.3%,2.1%,18.3%,3357,7.6%,6.4%,6.4%,2.2%,0.0%,1.8%,1.5%,62.6%,7.0%,1.3%,3.2%,3821,16.7%,55.4%,7.8%,16.2%,3.9%,21851,31816,29026,34679,4561,1001,21.9%,177,231,169,3.9,5.2,0,1,18,12,25,34,40,616.3,2180,2125,1377,115,18.7%,75.9%,5.4%,56,732529,20,1461260,117,8.5%,14,1.0%,2,66,3.1%,21.6%,0.0%,14.0%,377,6,1.0%,1.3,0.0%,0.6%,54.6%,20.6%,4.9%,16.1%,1.9%,56.5%,0.0%,0.0%,2.53,18.26,19,1,9,A,2111,51.8%,20.2%,17.4%,0.0%,0.0%,1.5%,7.7%,0.0%,1.4%
15,16,42,003,170200,1,420031702001,Block Group 1,G5030,S,406640,81747,+40.4302576,-079.9922422,12037.899456,71,26083320,34676.355,72,2154,South Side Flats,72,601.553,0.936,4,81,7,34676.355098,26083318.9691,,South Side Flats,7,22476,17942,12586,9260,7894,6177,5726,6597,-26.43%,-14.75%,-21.75%,-7.30%,15.21%,2.16%,0.9,599,7048.1,6117.5,11,9.6,2.97%,2.17%,0.52%,93.10%,1.24%,2.50%,2.23%,4.82%,49.71%,26.21%,8.90%,8.13%,3613,4326,87.3%,12.7%,3921,43.3%,56.7%,2,100.0%,0.0%,15.3%,1.9%,1.0%,3.8%,12.3%,65.7%,"$77,100","$97,632","$153,750",57.5%,"$174,500",158,18,0,0.0%,4425,3.6%,4.6%,9.4%,3.2%,2.4%,11.3%,17.9%,25.8%,15.0%,2.1%,4.7%,10170,6.4%,11.1%,10.1%,8.1%,3.6%,5.5%,9.4%,23.4%,8.3%,2.7%,11.5%,4973,9.7%,38.3%,10.9%,27.6%,13.6%,24700,40565,32812,44215,6741,1385,20.5%,669,770,537,10.1,11.7,1,6,52,61,74,56,53,599,3381,3137,1917,338,12.7%,84.6%,2.7%,97,4161873,49,25986666,135,7.0%,4,0.2%,2,62,2.0%,0.0%,0.0%,21.3%,1337,21,3.5%,3.2,0.0%,0.2%,0.0%,24.6%,12.4%,36.3%,0.9%,4.8%,0.3%,20.8%,4.09,25.94,27.7,2,83,DD,4328,53.0%,8.0%,15.6%,0.0%,0.3%,1.4%,19.3%,0.3%,2.0%
16,19,42,003,180300,3,420031803003,Block Group 3,G5030,S,140530,0,+40.4191918,-079.9927314,6293.791906,75,8221419.5,16208.565,76,2158,Allentown,3,189.608,0.295,4,23,6,16208.5648,8221419.7352,,Allentown,6,8227,7487,6416,5361,4292,3600,3220,2500,-16.44%,-19.94%,-16.12%,-10.56%,-22.36%,0.82%,0.3,188.8,8474.6,10915.3,13.2,17.1,35.12%,0.04%,0.80%,59.40%,4.64%,2.30%,3.66%,14.85%,24.11%,35.30%,14.40%,7.67%,1505,1291,80.0%,20.0%,953,59.2%,40.8%,5,92.1%,7.9%,0.0%,1.5%,8.2%,7.1%,20.3%,62.9%,"$34,300","$43,434","$42,200",-2.8%,"$8,500",70,27,11,0.9%,858,4.2%,7.8%,11.9%,5.6%,2.3%,8.4%,13.2%,27.5%,10.6%,1.4%,7.1%,355,7.0%,0.0%,31.0%,8.5%,0.0%,4.2%,8.5%,14.1%,8.5%,2.8%,15.5%,1729,23.0%,63.3%,6.6%,5.6%,1.5%,22539,29274,29941,31909,2212,630,28.5%,159,252,160,6.4,10.1,0,2,15,23,48,11,66,188.8,1550,1402,1283,334,2.5%,86.9%,10.6%,19,349708,1,350000,175,13.6%,30,2.3%,16,287,20.5%,27.1%,90.4%,0.0%,87,39.4,20.9%,15.8,0.0%,12.3%,0.0%,54.6%,9.3%,0.0%,0.0%,18.5%,17.6%,0.0%,1.65,12.33,41.8,12,474,None,824,47.0%,10.9%,38.0%,0.0%,0.8%,0.0%,0.0%,1.5%,1.8%
17,20,42,003,170600,1,420031706001,Block Group 1,G5030,S,326725,0,+40.4249025,-079.9876098,14495.793103,73,19973024,26532.701,74,2156,South Side Slopes,73,460.632,0.716,4,6,7,26532.699712,19973023.112,,South Side Slopes,7,15083,12998,10842,9739,7020,5672,5007,4423,-10.17%,-27.92%,-19.20%,-11.72%,-11.66%,1.45%,0.7,458.2,6177.4,6993,9.7,10.9,7.14%,0.95%,1.06%,88.54%,2.31%,2.10%,1.74%,10.49%,36.44%,32.98%,9.51%,8.83%,2580,2552,83.5%,16.5%,2218,61.2%,38.8%,6,100.0%,0.0%,2.5%,1.1%,1.7%,4.6%,9.5%,80.6%,"$43,700","$55,337","$73,050",32.0%,"$47,700",113,20,9,0.4%,2679,8.2%,5.5%,13.8%,3.3%,1.6%,5.2%,9.9%,19.2%,22.5%,3.8%,7.0%,387,9.0%,25.8%,9.0%,15.5%,2.6%,5.2%,1.0%,9.0%,6.5%,1.0%,15.2%,3394,20.1%,43.0%,7.1%,21.6%,8.2%,30380,37944,40356,41359,4709,931,19.8%,210,203,172,4.7,4.6,0,0,15,14,65,23,27,458.2,3108,2794,2319,757,1.8%,94.1%,4.1%,97,2116799,7,206800,211,9.1%,26,1.1%,10,194,6.9%,66.4%,39.8%,0.0%,246,63.6,13.9%,14.4,0.0%,12.2%,4.1%,35.1%,1.3%,7.2%,0.0%,20.7%,35.8%,0.0%,2.53,22.24,31.1,66,5402,None,2586,62.9%,13.5%,11.3%,0.0%,0.0%,0.0%,9.9%,0.2%,2.1%
18,25,42,003,010300,2,420030103002,Block Group 2,G5030,S,267511,0,+40.4369004,-079.9903987,6834.806625,66,9127700,15723.174,67,2149,Bluff,11,210.51,0.327,3,57,15,15723.174583,9127699.90244,,Bluff,15,9391,8949,5955,4379,4723,3220,6423,6600,-26.47%,7.86%,-31.82%,99.47%,2.76%,2.16%,0.3,209.3,20183.5,19642.2,31.5,30.7,31.17%,1.11%,0.58%,65.83%,1.32%,2.40%,0.00%,31.17%,40.08%,24.74%,3.50%,0.52%,721,388,72.7%,27.3%,293,37.2%,62.8%,0,7.2%,92.8%,0.0%,1.4%,5.4%,14.0%,14.7%,64.5%,"$40,600","$51,412","$21,200",-58.8%,"$50,000",40,0,1,0.3%,1491,0.0%,3.6%,19.4%,0.6%,2.6%,2.7%,5.6%,34.9%,30.0%,0.0%,0.6%,8800,1.9%,2.1%,3.2%,1.1%,1.3%,1.8%,8.2%,72.4%,1.5%,3.1%,3.4%,2834,14.1%,73.9%,4.4%,2.6%,5.0%,11515,12795,15297,13947,1365,1095,80.2%,105,191,132,1.6,2.9,0,0,12,11,14,14,37,209.3,882,704,218,373,22.2%,54.8%,23.0%,6,68000,25,5256332,19,8.7%,10,4.6%,3,58,8.2%,12.3%,0.0%,7.2%,141,0.1,0.0%,0,0.0%,0.0%,0.0%,7.4%,18.1%,18.6%,31.8%,0.0%,16.4%,7.7%,9.08,16.48,50.4,2,188,P,1379,25.5%,4.0%,23.1%,0.0%,0.0%,0.0%,43.1%,0.0%,4.4%
19,31,42,003,250900,2,420032509002,Block Group 2,G5030,S,384629,0,+40.4641570,-080.0039415,13652.214712,23,6958774,12677.556,24,2106,Fineview,33,160.488,0.25,1,81,3,12677.555901,6958774.07065,,Fineview,3,4192,4997,4305,3463,2398,1907,1751,1285,-19.56%,-30.75%,-20.48%,-8.18%,-26.61%,0.42%,0.3,160,5140,7004,8,10.9,51.75%,0.08%,1.01%,44.28%,2.88%,1.90%,12.32%,15.45%,20.11%,31.52%,16.35%,4.24%,856,760,80.5%,19.5%,672,55.1%,44.9%,5,100.0%,0.0%,0.0%,5.7%,2.9%,15.7%,33.1%,42.6%,"$39,400","$49,892","$58,900",18.1%,"$16,000",23,4,5,0.7%,547,1.8%,2.4%,14.8%,5.7%,3.3%,6.2%,8.4%,37.3%,4.8%,2.4%,13.0%,262,0.0%,7.6%,3.8%,0.0%,84.0%,0.0%,1.5%,1.5%,0.0%,0.0%,1.5%,986,16.0%,66.8%,9.9%,3.7%,3.5%,17535,29643,23294,32311,1415,473,33.4%,70,162,41,5.4,12.6,1,1,6,19,19,8,59,160,884,660,538,368,6.7%,88.0%,5.3%,9,102915,0,0,22,4.1%,7,1.3%,7,149,22.6%,92.0%,11.4%,0.0%,54,4.9,3.1%,3.8,0.0%,19.8%,0.0%,46.4%,4.3%,0.0%,0.0%,2.8%,46.4%,0.0%,0.65,8.51,34,16,1248,None,547,48.3%,5.1%,37.1%,2.6%,0.0%,0.0%,6.9%,0.0%,0.0%
20,34,42,003,562900,1,420035629001,Block Group 1,G5030,S,1385581,586785,+40.4096285,-079.9486102,29907.611274,76,44132028,42041.449,77,2159,Hazelwood,39,1017.805,1.583,3,25,9,42041.449983,44132028.3656,,Hazelwood,9,11571,12371,12757,9937,7968,6456,5334,4317,-22.11%,-19.81%,-18.98%,-17.38%,-19.07%,1.41%,1.6,1013.1,2727.1,3369.6,4.3,5.3,41.02%,1.53%,0.58%,54.34%,2.52%,2.00%,4.49%,20.10%,15.75%,35.80%,14.41%,9.45%,2746,2361,79.8%,20.2%,1919,50.6%,49.4%,7,100.0%,0.0%,2.2%,1.2%,7.6%,16.6%,23.1%,49.3%,"$38,700","$49,006","$65,550",33.8%,"$5,500",117,28,21,0.9%,1804,6.5%,3.3%,15.3%,6.1%,1.4%,10.0%,11.2%,20.0%,16.5%,3.9%,5.8%,1219,8.6%,15.6%,4.5%,11.1%,1.6%,0.8%,1.6%,14.8%,3.3%,27.9%,10.2%,2870,16.2%,61.1%,6.9%,8.4%,7.4%,24613,31067,32695,33863,4082,1059,25.9%,159,215,124,3.7,5,1,0,10,17,47,25,44,1013.1,3648,2975,2221,1032,0.7%,90.6%,8.8%,37,427140,7,245500,344,15.5%,50,2.3%,42,678,22.8%,26.4%,20.0%,2.4%,491,24.5,2.4%,5.7,8.5%,14.5%,16.3%,28.3%,1.4%,34.8%,0.0%,19.8%,15.8%,0.0%,3.61,29.88,18.9,18,1373,None,1729,60.6%,9.1%,25.9%,0.0%,0.0%,0.4%,3.3%,0.0%,0.8%
21,35,42,003,980000,1,420039800001,Block Group 1,G5030,S,637235,237268,+40.4875790,-079.8907469,13581.87509,4,7809355.5,13582.972,5,2087,Lincoln-Lemington-Belmar,47,180.105,0.28,2,24,11,13582.97215,7809355.83398,,Lincoln-Lemington-Belmar,11,9591,9367,10475,9468,8061,6644,5550,4883,-9.61%,-14.86%,-17.58%,-16.47%,-12.02%,1.60%,1.8,1159.7,2694.8,3062.9,4.2,4.8,79.38%,1.70%,0.57%,16.14%,2.21%,1.20%,5.16%,26.88%,18.44%,28.98%,9.15%,11.39%,2319,2551,79.7%,20.3%,1778,63.6%,36.4%,7,81.0%,19.0%,0.6%,2.8%,0.0%,13.0%,27.6%,55.9%,"$44,800","$56,730","$43,767",-22.9%,"$6,575",36,15,20,0.8%,1653,2.7%,4.0%,10.3%,1.3%,5.0%,6.6%,10.0%,36.3%,5.2%,9.7%,8.9%,2908,4.0%,0.0%,0.7%,1.2%,0.5%,1.7%,0.8%,79.4%,0.7%,7.4%,3.6%,2897,15.4%,59.6%,12.8%,8.5%,3.6%,23403,29564,31089,32225,4896,1490,30.4%,133,176,113,2.7,3.6,0,0,19,13,34,19,15,1159.7,2719,2341,2128,779,3.0%,90.1%,7.0%,20,84111,11,1756380,179,8.4%,44,2.1%,47,842,36.0%,20.8%,3.8%,0.9%,303,24,2.1%,4.9,0.0%,26.5%,2.6%,32.3%,6.4%,1.6%,17.4%,42.4%,0.0%,0.0%,6.31,30.38,16.8,8,585,None,1607,51.4%,10.4%,27.9%,0.0%,0.0%,0.0%,4.3%,0.0%,6.0%
22,37,42,003,130600,1,420031306001,Block Group 1,G5030,S,365630,0,+40.4521925,-079.8817225,8027.633926,41,15092615,22217.805,42,2124,East Hills,28,348.077,0.541,2,6,11,22217.804508,15092615.3468,,East Hills,11,4113,3929,3761,5303,5636,4505,3951,3169,41.00%,6.28%,-20.07%,-12.30%,-19.79%,1.04%,0.5,346.2,5857.7,7303.1,9.2,11.4,93.18%,0.44%,0.85%,2.05%,3.47%,1.20%,7.61%,29.48%,13.14%,25.54%,16.07%,8.15%,1890,1522,86.6%,13.4%,1205,50.9%,49.1%,9,100.0%,0.0%,5.3%,8.9%,0.6%,39.5%,30.2%,15.5%,"$50,900","$64,455","$40,700",-36.9%,"$11,358",30,17,9,0.6%,823,3.3%,4.1%,9.4%,4.6%,1.7%,10.6%,8.5%,30.5%,10.9%,7.5%,8.9%,288,0.0%,6.9%,5.2%,0.0%,0.0%,10.4%,15.6%,41.7%,1.4%,10.4%,8.3%,1532,11.4%,64.8%,11.3%,11.4%,1.1%,17159,21658,22794,23607,2588,1073,41.5%,90,136,88,2.8,4.3,0,0,13,16,25,11,18,346.2,1598,1439,1068,488,5.7%,87.8%,6.5%,11,132926,4,362640,89,8.3%,35,3.3%,6,443,30.8%,0.0%,25.6%,0.0%,379,13.5,3.9%,4.2,0.0%,12.5%,0.0%,89.7%,2.3%,5.6%,0.0%,2.4%,0.0%,0.0%,1.68,14.62,27,5,738,None,802,46.0%,10.6%,36.2%,0.0%,0.0%,0.0%,2.9%,3.4%,1.0%
23,38,42,003,040900,3,420030409003,Block Group 3,G5030,S,253498,0,+40.4308074,-079.9518013,7343.082266,67,14169730,19242.504,68,2150,South Oakland,70,326.793,0.508,3,19,14,19242.503109,14169729.7762,,South Oakland,14,8912,7842,5994,4761,3622,3368,3007,2969,-20.57%,-23.92%,-7.01%,-10.72%,-1.26%,0.97%,0.5,325.1,5844.5,5919.3,9.1,9.2,21.32%,6.16%,1.28%,68.10%,3.13%,2.90%,5.54%,9.50%,40.94%,26.38%,11.70%,5.94%,1558,1469,89.9%,10.1%,1134,43.3%,56.7%,4,96.0%,4.0%,2.0%,0.5%,10.4%,6.9%,13.4%,66.8%,"$47,700","$60,403","$77,200",27.8%,"$93,000",51,10,34,2.3%,1124,0.7%,3.8%,11.8%,4.2%,0.6%,6.3%,9.8%,25.6%,29.2%,3.0%,4.9%,3830,6.3%,6.0%,1.8%,2.2%,1.7%,0.3%,6.5%,60.4%,1.7%,8.5%,4.6%,1423,12.4%,48.8%,13.7%,13.8%,11.2%,24190,26327,32134,28696,2618,988,37.7%,104,110,87,3.5,3.7,0,1,2,3,37,19,13,325.1,1657,1370,776,434,0.8%,95.5%,3.7%,11,323800,11,1484886,190,24.5%,9,1.2%,5,72,5.3%,23.2%,0.0%,9.8%,180,5.4,1.7%,1.8,0.0%,6.7%,0.0%,26.4%,0.0%,6.8%,5.3%,6.3%,28.5%,26.7%,8.07,19.22,37.8,11,689,"E, M",1132,46.6%,2.8%,14.0%,0.7%,0.0%,0.0%,30.2%,1.0%,4.8%
24,45,42,003,180700,2,420031807002,Block Group 2,G5030,S,128061,0,+40.4247086,-080.0011285,5547.088804,64,31760998,33988.883,65,2147,Mount Washington,54,732.495,1.139,5,25,6,33988.882269,31760998.0351,,Mount Washington,6,20013,19060,17415,14787,11795,10700,9878,8799,-15.09%,-20.23%,-9.28%,-7.68%,-10.92%,2.88%,1.1,729.6,7718.4,8664.9,12.1,13.5,10.30%,0.72%,0.80%,85.93%,2.26%,1.60%,4.51%,10.39%,35.67%,30.10%,11.95%,7.39%,5251,5175,86.3%,13.7%,4681,50.2%,49.8%,4,100.0%,0.0%,2.0%,2.1%,4.0%,11.1%,23.3%,57.5%,"$55,450","$70,216","$78,175",11.3%,"$46,000",203,60,31,0.6%,5378,2.4%,5.8%,12.9%,3.9%,3.2%,9.2%,14.1%,26.6%,13.9%,3.0%,5.0%,1326,4.1%,2.2%,10.2%,0.8%,1.8%,7.8%,12.8%,26.4%,23.4%,0.8%,9.7%,6936,10.9%,52.1%,10.3%,16.8%,9.7%,28295,43321,37587,47219,9516,1926,20.2%,434,428,282,4.9,4.9,0,3,22,23,115,38,44,729.6,4427,4208,4010,449,11.9%,86.9%,1.2%,56,815209,14,177550,324,8.1%,32,0.8%,8,215,5.1%,23.8%,62.4%,1.6%,724,111.4,15.3%,12.7,0.4%,13.3%,0.0%,55.9%,3.9%,5.4%,0.0%,30.8%,0.0%,3.9%,4.63,34.25,30,32,1367,"BB, N",5247,65.0%,8.6%,16.5%,0.0%,0.3%,0.5%,5.9%,0.2%,3.0%
25,48,42,003,151700,4,420031517004,Block Group 4,G5030,S,157178,0,+40.4216327,-079.9353993,5794.40172,74,21551120,22518.27,75,2157,Greenfield,37,497.028,0.773,3,21,9,22518.270422,21551119.9814,,Greenfield,9,14111,13952,12984,12234,9873,8485,7832,7294,-5.78%,-19.30%,-14.06%,-7.70%,-6.87%,2.39%,0.8,494.7,9436,10132,14.7,15.8,4.39%,4.28%,0.89%,88.29%,2.15%,2.90%,4.47%,12.76%,30.79%,30.89%,13.46%,7.63%,3873,3805,91.4%,8.6%,3728,66.4%,33.6%,6,100.0%,0.0%,2.3%,1.2%,1.9%,4.0%,27.9%,62.7%,"$65,800","$83,323","$90,900",9.1%,"$118,250",160,23,18,0.5%,4407,5.2%,3.9%,7.8%,5.5%,2.5%,4.9%,16.1%,31.1%,6.5%,5.0%,11.6%,795,10.1%,2.5%,11.9%,3.8%,4.4%,6.9%,10.7%,17.0%,10.1%,7.5%,15.1%,5823,7.1%,42.8%,10.5%,22.3%,17.3%,35613,43580,47308,47502,7860,725,9.2%,145,170,153,2,2.3,0,2,7,6,43,15,23,494.7,3593,3448,3338,325,1.0%,97.5%,1.4%,53,353069,9,494270,197,5.9%,6,0.2%,10,133,3.9%,15.3%,19.5%,0.2%,540,9.6,1.9%,1.3,0.1%,4.3%,0.3%,75.4%,4.9%,2.2%,0.0%,2.0%,15.5%,0.0%,3.88,27.81,36,23,1362,None,4363,57.9%,14.2%,14.6%,0.2%,0.0%,3.1%,6.9%,0.4%,2.8%
26,54,42,003,141400,3,420031414003,Block Group 3,G5030,S,294702,0,+40.4266034,-079.9185733,8635.64213,63,74470128,50122.652,64,2146,Squirrel Hill South,77,1717.485,2.671,3,23,10,50122.651097,74470126.2694,,Squirrel Hill South,10,20203,20737,18517,16669,15165,14968,14507,15110,-9.98%,-9.02%,-1.30%,-3.08%,4.16%,4.94%,2.7,1709.4,5657.1,5431.3,8.8,8.5,3.22%,11.40%,1.04%,82.03%,2.30%,3.20%,5.43%,11.80%,29.36%,32.50%,10.34%,10.58%,7069,7514,94.6%,5.4%,7135,45.6%,54.4%,3,95.9%,4.1%,2.1%,1.8%,5.0%,15.1%,26.7%,49.3%,"$134,633","$170,486","$201,400",18.1%,"$218,250",176,12,2,0.0%,8064,0.3%,4.4%,8.2%,0.6%,1.0%,3.9%,16.1%,49.1%,6.7%,4.8%,4.9%,3854,2.9%,1.4%,16.5%,0.8%,1.9%,9.2%,6.5%,40.5%,11.8%,0.5%,8.0%,11137,4.8%,21.3%,14.6%,27.4%,32.0%,40327,54473,53570,59376,14692,1721,11.7%,331,210,190,2.2,1.4,0,0,22,5,70,29,8,1709.4,4681,4385,4320,403,5.6%,94.2%,0.1%,89,3202389,26,26259963,100,2.3%,2,0.0%,1,54,1.2%,21.9%,8.8%,1.3%,2263,684.6,40.0%,45.3,0.0%,28.9%,0.0%,50.2%,2.1%,1.1%,0.0%,46.6%,0.0%,0.0%,7.99,46.67,17.5,5,112,None,7779,54.0%,8.7%,22.7%,0.0%,0.2%,2.5%,6.8%,0.3%,4.8%
27,58,42,003,250300,1,420032503001,Block Group 1,G5030,S,243738,0,+40.4584905,-080.0120067,7703.44619,37,7218352,14371.736,38,2120,Central Northside,19,166.475,0.259,1,6,3,14371.736393,7218351.66088,,Central Northside,3,12486,11538,9897,6492,4665,3723,3200,2923,-34.40%,-28.14%,-20.19%,-14.05%,-8.66%,0.96%,0.3,165.8,11285.7,12355.2,17.6,19.3,46.08%,0.79%,0.96%,49.23%,2.94%,2.70%,1.20%,15.97%,20.61%,41.78%,13.60%,6.83%,1992,1971,80.5%,19.5%,1522,43.8%,56.2%,4,97.0%,3.0%,0.0%,1.5%,1.5%,8.9%,15.1%,73.0%,"$63,550","$80,473","$124,300",54.5%,"$59,247",117,16,14,0.7%,1522,1.3%,8.1%,15.2%,3.8%,4.6%,10.2%,9.9%,28.4%,10.1%,1.8%,6.5%,5483,5.4%,2.7%,2.0%,0.7%,0.2%,2.6%,4.0%,77.9%,0.7%,0.2%,3.5%,2248,11.9%,46.3%,8.0%,25.2%,8.6%,23920,33004,31775,35974,2824,694,24.6%,118,246,93,4,8.4,0,1,15,10,29,12,58,165.8,1802,1592,770,441,42.9%,45.6%,11.5%,56,2489462,17,4327738,86,11.2%,44,5.7%,8,160,10.1%,12.2%,0.0%,0.0%,559,0.9,0.5%,0.3,0.0%,2.2%,0.0%,60.8%,9.6%,14.5%,10.3%,0.1%,4.7%,0.0%,1.81,12.18,47,4,395,L,1514,47.9%,8.1%,19.7%,0.0%,0.0%,2.0%,18.1%,0.0%,4.2%
28,59,42,003,241200,2,420032412002,Block Group 2,G5030,S,172183,0,+40.4600565,-079.9915198,7283.454921,14,7653279.5,21452.691,15,2097,Spring Garden,74,176.506,0.275,1,18,1,21452.691885,7653278.96663,,Spring Garden,1,4357,3962,3426,3151,2134,1753,1254,884,-8.03%,-32.28%,-17.85%,-28.47%,-29.51%,0.29%,0.3,176,3214.5,4560,5,7.1,15.16%,0.90%,1.24%,79.52%,3.17%,2.30%,7.32%,8.78%,18.81%,52.27%,5.20%,7.61%,621,552,74.6%,25.4%,608,51.3%,48.7%,7,100.0%,0.0%,0.0%,1.8%,16.5%,0.0%,23.7%,58.1%,"$29,800","$37,736","$48,000",27.2%,"$8,252",24,7,18,3.3%,668,6.7%,12.9%,1.9%,7.8%,3.3%,10.0%,6.4%,23.8%,10.6%,9.1%,7.3%,549,16.4%,29.1%,10.0%,3.6%,1.8%,0.7%,10.9%,7.3%,5.5%,9.1%,5.5%,1085,23.7%,66.8%,2.4%,5.6%,1.5%,30050,38418,39918,41876,1366,189,13.8%,36,61,30,4.1,6.9,0,0,2,7,10,3,9,176,794,688,514,242,3.9%,89.3%,6.7%,3,32000,0,0,46,8.9%,18,3.5%,15,161,23.4%,54.3%,0.0%,0.2%,48,14.2,8.1%,16.1,9.8%,36.6%,0.0%,37.3%,2.1%,11.9%,0.0%,2.9%,45.7%,0.0%,1.93,6.55,23.8,14,1053,None,638,41.4%,30.4%,6.7%,0.0%,0.0%,5.2%,12.5%,0.0%,3.8%
29,61,42,003,240600,2,420032406002,Block Group 2,G5030,S,495750,0,+40.4611811,-079.9859947,14534.378599,20,10717292,20630.793,21,2103,Troy Hill,84,247.17,0.384,1,94,1,20630.79316,10717291.8959,,Troy Hill,1,7319,6530,5141,4205,3251,2742,2540,2714,-18.21%,-22.69%,-15.66%,-7.37%,6.85%,0.89%,0.5,294.4,5900,5521.7,9.2,8.6,12.20%,3.98%,0.74%,81.21%,1.88%,1.80%,5.92%,14.93%,22.68%,38.41%,11.19%,6.87%,1415,1608,83.9%,16.1%,1335,55.7%,44.3%,3,100.0%,0.0%,0.3%,5.1%,0.0%,0.4%,6.4%,87.8%,"$43,400","$54,957","$52,600",-4.3%,"$24,900",63,13,2,0.1%,1370,9.1%,11.4%,12.5%,0.5%,0.7%,17.8%,5.0%,16.1%,14.0%,1.8%,11.2%,2114,1.4%,64.3%,5.0%,1.9%,0.9%,5.0%,5.7%,6.4%,4.3%,0.2%,5.0%,1944,12.0%,59.2%,10.7%,12.7%,5.5%,28137,37057,37377,40392,2619,584,22.3%,163,176,91,6,6.5,1,0,19,10,46,12,27,294.4,1296,1217,1733,249,0.0%,98.3%,1.7%,11,90263,5,614826,90,5.2%,12,0.7%,17,99,8.1%,23.9%,0.0%,29.1%,75,8.4,2.8%,3.1,0.0%,7.5%,2.4%,29.3%,3.6%,18.2%,0.0%,10.7%,11.6%,26.6%,2.4,13.63,29.6,10,598,None,1370,65.0%,13.8%,9.9%,0.0%,0.0%,0.0%,8.5%,1.2%,1.6%
30,64,42,003,563200,3,420035632003,Block Group 3,G5030,S,315029,0,+40.4572599,-079.9976543,11102.628685,38,6577919.5,14425.909,39,2121,East Allegheny,26,151.705,0.236,1,57,3,14425.910623,6577919.63035,,East Allegheny,3,12971,11763,8763,5953,4420,3088,2635,2136,-32.07%,-25.75%,-30.14%,-14.67%,-18.94%,0.70%,0.2,151,9050.8,11165.3,14.1,17.4,30.10%,1.08%,1.69%,62.69%,4.45%,4.00%,4.33%,9.57%,23.38%,43.55%,13.44%,5.73%,1735,1577,79.4%,20.6%,1355,41.5%,58.5%,4,100.0%,0.0%,0.8%,1.4%,2.7%,6.1%,17.7%,71.3%,"$36,700","$46,473","$77,100",65.9%,"$51,688",78,6,4,0.3%,1236,3.6%,5.6%,9.5%,0.0%,2.6%,13.6%,18.1%,22.8%,13.2%,3.2%,7.8%,915,1.6%,4.4%,19.7%,1.6%,0.0%,8.7%,14.2%,21.3%,10.4%,0.0%,18.0%,1892,17.4%,51.1%,11.7%,13.6%,6.2%,17267,28172,22938,30707,2425,538,22.2%,234,317,128,11,14.8,0,2,32,28,40,23,73,151,1305,1170,732,314,20.9%,67.9%,11.1%,32,891326,10,1891840,53,7.2%,26,3.6%,5,110,9.4%,11.1%,0.0%,0.0%,343,0.1,0.1%,0,0.0%,2.6%,0.0%,48.4%,13.3%,4.2%,0.0%,28.0%,6.1%,0.0%,7.59,16.94,71.8,4,487,F,1195,44.3%,12.2%,22.9%,0.0%,0.0%,0.9%,13.6%,0.8%,5.3%
31,71,42,003,101800,2,420031018002,Block Group 2,G5030,S,797007,0,+40.4847864,-079.9385823,22835.108642,7,20492582,24387.818,8,2090,Stanton Heights,79,472.615,0.735,2,19,13,24387.818605,20492582.6295,,Stanton Heights,13,4610,6024,8249,7679,6223,5085,4842,4601,-6.91%,-18.96%,-18.29%,-4.78%,-4.98%,1.51%,0.7,470.4,6259.9,6587.8,9.8,10.3,40.06%,0.87%,0.61%,55.88%,2.59%,1.40%,6.46%,14.09%,18.19%,39.51%,13.53%,8.22%,2142,2223,94.3%,5.7%,2115,81.9%,18.1%,10,100.0%,0.0%,1.0%,1.1%,0.6%,10.2%,55.8%,31.3%,"$66,750","$84,526","$86,700",2.6%,"$80,710",78,24,1,0.0%,2513,3.9%,5.5%,11.4%,3.5%,2.2%,12.7%,10.1%,32.0%,5.3%,5.4%,8.0%,124,3.2%,0.0%,0.0%,3.2%,3.2%,12.1%,11.3%,52.4%,0.0%,3.2%,11.3%,3440,10.0%,46.5%,8.1%,21.9%,13.5%,44054,48949,58521,53354,4612,196,4.2%,67,88,67,1.5,1.9,0,1,3,4,20,12,7,470.4,2391,2249,2180,265,9.3%,90.0%,0.6%,26,129586,0,0,44,2.0%,2,0.1%,2,100,4.4%,18.0%,15.5%,0.0%,730,13.9,3.0%,3,6.8%,20.4%,0.0%,74.6%,1.4%,3.5%,0.0%,19.9%,0.6%,0.0%,2.16,20.53,27.9,11,762,None,2468,71.5%,11.9%,12.6%,0.3%,0.8%,1.9%,0.9%,0.0%,0.2%
32,72,42,003,060300,1,420030603001,Block Group 1,G5030,S,391220,0,+40.4621267,-079.9609234,10355.074284,19,11984375,15396.965,20,2102,Lower Lawrenceville,48,276.392,0.43,2,19,13,15396.964966,11984374.8838,,Lower Lawrenceville,13,9036,7899,5338,4536,3602,2650,2585,2341,-15.02%,-20.59%,-26.43%,-2.45%,-9.44%,0.77%,0.4,275.2,5444.2,6011.6,8.5,9.4,23.32%,2.52%,1.24%,70.44%,2.48%,1.30%,5.50%,12.49%,33.22%,28.90%,7.67%,12.22%,1448,1386,85.1%,14.9%,1294,30.6%,69.4%,2,93.6%,6.4%,1.8%,1.2%,5.3%,21.6%,16.0%,54.0%,"$37,000","$46,853","$56,900",21.4%,"$65,000",63,9,11,0.8%,1281,3.5%,4.2%,9.6%,7.3%,5.3%,6.6%,8.0%,29.3%,9.1%,3.6%,13.5%,1840,12.0%,20.9%,6.8%,2.2%,0.8%,4.9%,3.8%,12.5%,3.3%,7.6%,25.3%,1908,17.1%,48.3%,7.7%,17.3%,9.6%,20547,22311,27295,24319,2606,1008,38.7%,107,126,80,4.6,5.4,0,2,6,9,29,16,21,275.2,1340,1242,757,249,6.6%,86.8%,6.6%,25,426205,11,565855,47,6.2%,12,1.6%,5,71,5.7%,4.7%,0.0%,29.9%,316,13.2,4.8%,5.7,0.0%,3.3%,0.0%,23.7%,10.9%,54.6%,0.0%,5.0%,5.8%,0.0%,2.15,12.73,29.6,0,0,None,1182,44.5%,10.8%,18.2%,0.0%,1.2%,7.5%,13.7%,0.0%,4.1%
33,73,42,003,080200,2,420030802002,Block Group 2,G5030,S,92307,0,+40.4617308,-079.9522528,4036.163833,26,19572930,21206.189,27,2109,Bloomfield,10,451.405,0.702,2,94,12,21206.189685,19572929.544,,Bloomfield,12,20708,20074,16715,14411,11761,10405,9089,8442,-13.78%,-18.39%,-11.53%,-12.65%,-7.12%,2.76%,0.7,449.3,12025.6,12947.3,18.8,20.2,8.75%,6.42%,1.04%,81.57%,2.22%,2.60%,3.69%,8.65%,40.22%,27.47%,12.56%,7.40%,5432,5136,89.0%,11.0%,4924,36.7%,63.3%,3,99.6%,0.4%,1.1%,0.6%,1.4%,7.1%,16.8%,73.0%,"$60,560","$76,687","$92,840",21.1%,"$99,250",118,18,12,0.2%,5227,3.0%,4.9%,8.7%,1.8%,3.6%,3.8%,8.6%,36.2%,16.3%,1.9%,11.2%,6799,2.3%,4.1%,12.5%,2.1%,1.9%,4.1%,4.5%,49.4%,10.1%,1.2%,7.9%,6671,11.2%,42.6%,8.6%,24.1%,13.5%,23831,30830,31658,33604,9192,1781,19.4%,453,371,296,5.4,4.4,0,3,45,20,70,36,42,449.3,3458,3308,3162,298,9.7%,89.6%,0.7%,43,414968,25,1736178,125,4.0%,7,0.2%,2,90,2.7%,8.1%,0.0%,0.0%,1035,4.7,1.1%,0.6,0.0%,0.5%,0.0%,58.1%,25.8%,6.9%,3.6%,1.7%,3.9%,0.0%,3.8,31.74,45.2,3,131,"H, R",5117,42.0%,9.3%,20.0%,0.0%,0.8%,6.4%,18.8%,0.0%,2.6%
34,74,42,003,290400,3,420032904003,Block Group 3,G5030,S,275844,0,+40.3844190,-079.9867635,11617.587972,91,46641072,40422.973,92,2174,Carrick,16,1075.67,1.673,4,19,5,40422.974323,46641073.9689,,Carrick,5,16534,16530,16480,15855,12930,11625,10685,10113,-3.79%,-18.45%,-10.09%,-8.09%,-5.35%,3.31%,1.7,1070.7,6044.8,6386.7,9.4,10,9.61%,1.12%,0.61%,85.99%,2.67%,1.60%,5.84%,15.25%,16.55%,40.63%,12.37%,9.35%,5114,5041,88.2%,11.8%,4772,68.4%,31.6%,8,99.0%,1.0%,0.5%,0.7%,2.4%,12.6%,26.8%,56.9%,"$53,233","$67,409","$66,900",-0.8%,"$40,250",150,68,49,1.0%,4917,5.1%,8.6%,13.0%,6.5%,3.9%,6.5%,10.7%,24.5%,8.6%,4.4%,8.2%,1948,5.1%,5.4%,23.4%,1.0%,1.3%,15.3%,3.3%,19.0%,13.1%,0.8%,12.3%,7615,16.6%,58.7%,10.2%,10.1%,4.4%,29721,37563,39481,40943,10435,1546,14.8%,453,539,355,4.5,5.3,1,2,49,28,118,48,58,1070.7,4660,4392,4801,469,0.2%,99.3%,0.5%,42,510399,14,14250090,293,6.1%,4,0.1%,8,218,5.0%,6.8%,91.8%,0.5%,595,37,3.5%,3.7,0.0%,12.0%,11.2%,65.2%,5.0%,3.2%,0.0%,26.4%,0.0%,0.2%,6.56,45.98,27.5,20,1193,None,4783,62.1%,10.3%,19.6%,0.0%,0.3%,0.0%,4.7%,0.0%,3.1%
35,75,42,003,981100,1,420039811001,Block Group 1,G5030,S,876833,0,+40.4420424,-079.9063310,14525.901631,53,27997334,25607.969,54,2136,Point Breeze,63,645.695,1.004,3,6,10,25607.969187,27997334.3753,,Point Breeze,10,7681,7766,8057,7792,6464,5909,5665,5315,-3.29%,-17.04%,-8.59%,-4.13%,-6.18%,1.74%,1,642.6,5293.8,5642.4,8.3,8.8,4.65%,3.35%,0.92%,89.13%,1.96%,2.60%,5.23%,14.91%,18.77%,41.27%,11.77%,8.04%,2565,2483,95.1%,4.9%,2458,79.4%,20.6%,10,98.2%,1.8%,2.2%,0.5%,0.9%,7.2%,14.8%,74.4%,"$164,000","$207,673","$240,300",15.7%,"$242,500",78,6,27,1.1%,3237,6.9%,7.2%,3.2%,1.2%,1.8%,7.4%,16.0%,42.7%,5.7%,2.4%,5.6%,1459,3.8%,2.0%,5.8%,1.4%,2.7%,1.7%,15.8%,27.1%,19.5%,1.7%,18.5%,4322,5.0%,23.2%,13.4%,25.9%,32.5%,71548,87802,95044,95704,5801,264,4.6%,116,72,68,2.2,1.4,0,0,6,3,29,4,13,642.6,2151,2110,2646,57,6.9%,92.8%,0.3%,49,1135932,5,492000,34,1.3%,0,0.0%,1,28,1.3%,3.8%,0.0%,0.0%,1092,54.8,8.5%,10.3,0.0%,7.6%,27.4%,60.5%,0.8%,0.0%,0.0%,38.6%,0.0%,0.0%,5.13,21.33,21.2,4,129,None,3177,64.6%,7.6%,15.8%,0.0%,0.0%,1.2%,3.9%,1.1%,5.8%
36,77,42,003,191100,2,420031911002,Block Group 2,G5030,S,884630,0,+40.4386014,-080.0260996,13787.425038,60,17364276,19320.406,61,2143,Duquesne Heights,25,400.468,0.623,5,57,6,19320.407046,17364275.0587,,Duquesne Heights,6,5077,5064,4696,4326,3605,2786,2696,2425,-7.88%,-16.67%,-22.72%,-3.23%,-10.05%,0.79%,0.6,398.7,3892.5,4327.4,6.1,6.8,2.85%,2.19%,0.41%,92.54%,2.02%,1.20%,0.91%,11.29%,23.58%,31.98%,19.27%,12.97%,1417,1393,88.7%,11.3%,1287,55.9%,44.1%,5,100.0%,0.0%,0.8%,0.5%,15.9%,15.3%,27.8%,39.8%,"$66,200","$83,829","$100,500",19.9%,"$90,610",50,5,8,0.6%,1284,0.5%,11.1%,9.9%,8.6%,3.7%,7.2%,25.8%,13.9%,3.9%,9.2%,6.2%,764,30.1%,21.6%,7.9%,0.0%,0.5%,6.5%,5.9%,6.5%,13.1%,0.0%,7.9%,1887,8.5%,48.3%,7.9%,22.0%,13.3%,42708,44160,56733,48134,2320,331,14.3%,55,44,50,2.3,1.8,0,0,0,4,21,5,2,398.7,1844,1459,1115,275,6.0%,92.3%,1.7%,20,756091,2,524000,50,4.5%,5,0.4%,0,61,4.2%,41.5%,47.8%,3.1%,87,91.2,22.9%,37.6,16.6%,29.5%,0.0%,36.1%,1.4%,3.6%,0.0%,54.7%,0.1%,4.2%,4.08,14.05,22.6,12,529,None,1223,55.9%,16.3%,14.1%,0.0%,0.0%,0.0%,2.9%,1.7%,9.2%
37,83,42,003,141100,1,420031411001,Block Group 1,G5030,S,1226338,163168,+40.4196414,-079.9075532,20791.54447,78,13379806,20826.32,79,2161,Swisshelm Park,82,308.575,0.48,3,57,10,20826.319235,13379806.3379,,Swisshelm Park,10,1338,1486,2128,2041,1697,1540,1378,1361,-4.09%,-16.85%,-9.25%,-10.52%,-1.23%,0.45%,0.5,307.2,2835.4,2870.8,4.4,4.5,4.19%,3.16%,0.37%,90.08%,2.20%,2.30%,3.63%,13.75%,21.87%,34.90%,15.46%,10.40%,627,625,96.3%,3.7%,608,87.0%,13.0%,12,100.0%,0.0%,0.0%,0.0%,0.0%,16.4%,35.0%,48.6%,"$82,000","$103,837","$108,600",4.6%,"$124,000",19,2,2,0.3%,717,5.6%,1.1%,9.3%,5.3%,2.1%,7.1%,10.7%,38.9%,12.0%,3.3%,4.5%,77,0.0%,5.2%,0.0%,13.0%,5.2%,0.0%,32.5%,5.2%,0.0%,13.0%,26.0%,1110,8.6%,38.6%,14.9%,26.2%,11.8%,53456,72500,71011,79025,1404,30,2.1%,28,14,12,2.1,1,0,0,0,0,4,2,0,307.2,755,713,769,95,11.7%,88.2%,0.1%,6,181741,0,0,6,0.8%,1,0.1%,0,17,2.4%,47.3%,0.0%,4.8%,109,36.5,11.9%,26.9,0.0%,31.2%,0.0%,64.7%,0.0%,6.9%,0.0%,28.4%,0.0%,0.0%,2.04,8.54,17.8,0,0,None,710,69.6%,16.9%,6.5%,0.0%,0.0%,3.1%,3.0%,0.0%,1.0%
38,84,42,003,110200,1,420031102001,Block Group 1,G5030,S,144791,0,+40.4780209,-079.9195862,5475.128062,8,32419862,23264.563,9,2091,Highland Park,40,747.691,1.163,2,94,12,23264.561698,32419862.5289,,Highland Park,12,8960,10239,9805,9223,8032,7029,6749,6395,-5.94%,-12.91%,-12.49%,-3.98%,-5.25%,2.09%,1.2,744.3,5498.7,5803.1,8.6,9.1,26.33%,3.41%,1.09%,66.51%,2.66%,2.90%,6.80%,11.77%,26.41%,38.64%,11.18%,5.19%,3396,3272,91.7%,8.3%,3259,53.6%,46.4%,4,98.7%,1.3%,0.0%,1.0%,0.8%,11.6%,21.8%,64.9%,"$99,900","$126,503","$167,400",32.3%,"$159,000",83,18,12,0.4%,3874,0.7%,3.2%,9.2%,0.0%,2.1%,9.0%,10.9%,46.9%,6.8%,2.9%,8.2%,447,0.9%,2.2%,5.6%,0.9%,0.0%,3.1%,24.6%,19.0%,15.7%,15.7%,12.3%,5041,6.6%,25.5%,12.1%,23.9%,31.8%,42711,61455,56737,66985,6782,621,9.2%,182,165,140,2.8,2.6,1,0,14,8,25,20,45,744.3,2166,2098,2651,51,13.6%,85.8%,0.6%,45,513879,6,314500,80,3.0%,0,0.0%,0,47,2.2%,16.4%,0.0%,0.3%,1012,350.7,47.1%,54.8,0.0%,16.9%,0.0%,44.1%,0.9%,0.0%,0.0%,54.9%,0.0%,0.0%,5.73,27.15,23.3,3,66,None,3699,53.6%,12.1%,24.0%,0.0%,0.0%,1.9%,5.1%,1.0%,2.4%
39,86,42,003,101700,2,420031017002,Block Group 2,G5030,S,217979,0,+40.4672423,-079.9433700,6586.683658,17,12751163,14574.327,18,2100,Garfield,35,294.077,0.457,2,113,12,14574.326687,12751163.3098,,Garfield,12,11133,11283,9455,10246,7536,6327,5450,3675,8.37%,-26.45%,-16.04%,-13.86%,-32.57%,1.20%,0.5,292.5,8041.6,11925.6,12.6,18.6,80.08%,2.64%,0.84%,13.55%,2.88%,1.40%,2.14%,31.66%,18.53%,31.69%,12.15%,3.84%,2581,1971,76.9%,23.1%,1743,46.7%,53.3%,5,100.0%,0.0%,6.1%,3.5%,4.8%,4.0%,24.6%,57.0%,"$34,033","$43,096","$60,300",39.9%,"$7,839",93,21,15,0.8%,1489,5.2%,5.4%,9.4%,5.3%,0.0%,8.8%,5.0%,35.8%,8.0%,8.0%,9.1%,600,7.5%,3.3%,8.3%,0.7%,0.7%,10.0%,0.0%,30.0%,11.7%,8.8%,19.0%,2424,19.0%,54.6%,10.5%,10.0%,5.9%,20298,20937,26964,22821,4166,1852,44.5%,182,213,159,5,5.8,2,1,14,11,50,35,39,292.5,2309,1830,1300,835,5.0%,84.2%,10.7%,63,6748494,11,381182,128,9.8%,20,1.5%,25,500,27.3%,2.4%,19.4%,0.0%,335,8.6,2.9%,2.3,0.0%,9.0%,0.0%,88.4%,6.6%,0.0%,0.0%,0.0%,5.0%,0.0%,1.25,16.47,36,13,962,None,1472,44.5%,6.5%,27.2%,2.3%,0.0%,1.6%,13.6%,0.0%,4.2%
40,89,42,003,210700,2,420032107002,Block Group 2,G5030,S,359658,0,+40.4578695,-080.0264589,9100.227534,33,7785965.5,12528.441,34,2116,Manchester,49,179.566,0.279,1,23,3,12528.441993,7785965.49733,,Manchester,3,11797,10958,8528,4778,2812,3077,2506,2130,-43.97%,-41.15%,9.42%,-18.56%,-15.00%,0.70%,0.3,178.6,7634.4,8982.1,11.9,14,80.14%,0.61%,0.66%,15.96%,2.63%,1.40%,5.03%,29.45%,13.73%,35.98%,12.23%,3.58%,1348,1319,78.5%,21.5%,821,56.3%,43.7%,5,100.0%,0.0%,2.1%,4.7%,9.2%,13.6%,18.8%,51.7%,"$71,900","$91,047","$101,300",11.3%,"$9,202",45,13,17,1.3%,749,7.6%,4.5%,2.3%,10.3%,5.3%,7.1%,15.5%,27.2%,8.3%,2.7%,9.2%,714,3.5%,9.8%,8.4%,11.9%,0.6%,9.8%,8.4%,25.9%,0.0%,7.0%,14.7%,1315,12.9%,61.8%,12.2%,6.9%,6.1%,24055,32418,31955,35336,2068,391,18.9%,69,137,63,3.2,6.4,0,0,7,8,19,12,44,178.6,1497,1217,621,495,21.6%,58.6%,19.8%,24,770266,4,736500,105,16.9%,54,8.7%,13,231,19.0%,0.0%,0.0%,0.1%,610,7,3.9%,3.3,0.0%,0.0%,0.0%,74.8%,0.0%,20.9%,0.0%,4.3%,0.0%,0.0%,2.16,11.14,39.9,0,0,None,749,35.9%,1.1%,41.7%,0.0%,0.0%,0.0%,11.6%,4.8%,4.9%
41,93,42,003,101100,3,420031011003,Block Group 3,G5030,S,249635,0,+40.4818107,-079.9477736,10342.017761,6,11288746,19192.783,7,2089,Upper Lawrenceville,86,260.349,0.405,2,57,13,19192.783898,11288745.6344,,Upper Lawrenceville,13,6848,6164,5221,4482,3710,3328,2899,2669,-14.15%,-17.22%,-10.30%,-12.89%,-7.93%,0.87%,0.4,259.2,6590.1,7158,10.3,11.2,28.14%,1.39%,1.80%,65.72%,2.96%,3.10%,6.43%,22.17%,24.48%,29.57%,11.94%,5.40%,1504,1442,81.0%,19.0%,1183,60.6%,39.4%,5,100.0%,0.0%,1.1%,0.6%,0.4%,8.0%,10.2%,79.6%,"$35,900","$45,460","$48,700",7.1%,"$38,000",65,14,7,0.5%,1191,0.8%,7.5%,14.9%,6.7%,0.0%,13.0%,6.0%,21.3%,16.0%,3.3%,10.4%,984,22.4%,11.2%,20.8%,17.8%,1.5%,3.0%,0.4%,2.0%,4.1%,2.5%,14.2%,1875,16.2%,65.7%,7.0%,9.4%,1.7%,24883,31779,33055,34639,2814,722,25.7%,92,184,73,3.4,6.9,0,0,12,9,24,12,29,259.2,1463,1365,901,187,6.9%,85.6%,7.5%,24,304522,11,2419600,56,6.2%,18,2.0%,6,105,7.7%,13.9%,0.0%,11.9%,246,3.3,1.3%,1.2,0.2%,6.4%,0.0%,24.4%,9.1%,53.0%,0.0%,1.2%,12.3%,0.0%,1.83,12.09,29.9,9,1121,None,1163,56.7%,5.4%,25.0%,0.0%,0.0%,1.0%,5.2%,0.0%,6.5%
42,97,42,003,191600,3,420031916003,Block Group 3,G5030,S,170636,0,+40.4126628,-080.0211465,8417.875608,72,40706528,32676.17,73,2155,Beechview,8,938.804,1.46,5,23,5,32676.170008,40706529.2539,,Beechview,5,10853,11994,14032,14360,11911,9311,8772,7974,2.34%,-17.05%,-21.83%,-5.79%,-9.10%,2.61%,1.5,934.4,5461.6,6008.2,8.5,9.4,12.08%,1.57%,2.77%,80.94%,2.65%,5.60%,5.62%,15.30%,23.89%,33.18%,12.03%,9.98%,4048,3939,89.3%,10.7%,3518,58.7%,41.3%,6,100.0%,0.0%,0.5%,0.5%,3.6%,15.0%,37.7%,42.7%,"$56,150","$71,103","$72,400",1.8%,"$36,068",128,64,40,1.0%,4096,5.6%,5.9%,11.8%,2.8%,2.7%,7.7%,9.4%,25.2%,17.1%,5.0%,6.8%,2134,15.0%,4.0%,22.0%,4.0%,0.5%,3.7%,8.4%,17.6%,8.9%,2.8%,13.1%,5211,11.0%,58.1%,11.1%,13.6%,6.2%,34079,36602,45270,39896,7450,1366,18.3%,193,303,148,2.4,3.8,1,1,7,9,47,37,29,934.4,4212,3919,3653,696,1.3%,98.1%,0.6%,56,517110,5,1607645,233,6.4%,15,0.4%,5,227,5.8%,19.1%,76.7%,0.1%,512,20,2.1%,2.5,13.1%,21.1%,0.7%,56.4%,4.4%,1.3%,0.0%,2.4%,35.5%,0.0%,6.42,30.75,21.1,39,2494,"BB, T",3909,55.1%,15.3%,21.2%,0.0%,0.0%,0.6%,5.3%,0.0%,2.6%
43,102,42,003,191700,1,420031917001,Block Group 1,G5030,S,1471688,0,+40.4043578,-080.0109294,24549.430174,88,58044672,37257.93,89,2171,Brookline,14,1338.669,2.082,4,81,5,37257.930196,58044672.6034,,Brookline,5,14721,16559,20381,20336,17231,15488,14318,13214,-0.22%,-15.27%,-10.12%,-7.55%,-7.71%,4.32%,2.1,1332.5,6346.8,6877,9.9,10.7,4.60%,1.15%,0.72%,91.43%,2.10%,1.60%,7.38%,12.90%,25.57%,33.95%,12.63%,7.56%,6349,6364,93.5%,6.5%,6183,74.5%,25.5%,9,100.0%,0.0%,0.6%,0.5%,3.5%,12.2%,45.9%,37.4%,"$67,175","$85,064","$82,150",-3.4%,"$75,000",251,78,62,1.0%,7454,6.5%,4.5%,8.7%,7.1%,2.1%,6.9%,10.6%,25.2%,10.7%,7.7%,10.0%,2315,9.9%,14.9%,14.9%,5.4%,0.6%,4.5%,7.3%,20.7%,5.4%,2.1%,14.3%,10716,8.9%,57.5%,11.4%,16.2%,6.0%,38096,45691,50606,49803,14454,1692,11.7%,241,392,248,1.8,3,0,1,12,24,43,27,36,1332.5,6483,6096,6615,571,0.2%,99.6%,0.2%,108,2286780,9,1932636,223,3.4%,9,0.1%,7,177,2.9%,3.5%,87.7%,0.5%,813,60.8,4.6%,4.6,0.0%,17.4%,0.0%,71.6%,4.1%,2.5%,0.0%,7.3%,14.4%,0.1%,9.15,56.88,27.3,25,1797,None,7067,73.1%,9.7%,12.0%,0.4%,0.8%,0.2%,2.8%,0.6%,0.5%
44,104,42,003,101400,4,420031014004,Block Group 4,G5030,S,149377,0,+40.4799173,-079.9300799,6038.178371,5,10650824,27033.453,6,2088,Morningside,52,245.637,0.382,2,6,12,27033.454163,10650824.4307,,Morningside,12,5997,6063,5705,5294,4730,3973,3549,3346,-7.20%,-10.65%,-16.00%,-10.67%,-5.72%,1.09%,0.4,244.5,8759.2,9290.6,13.7,14.5,16.50%,0.99%,0.87%,79.26%,2.39%,1.60%,5.81%,14.18%,24.61%,34.46%,12.36%,8.58%,1679,1643,92.9%,7.1%,1645,66.9%,33.1%,5,99.5%,0.5%,0.0%,0.0%,1.7%,3.9%,21.5%,72.8%,"$59,500","$75,345","$89,700",19.1%,"$83,250",48,9,8,0.5%,1988,3.0%,1.8%,9.7%,3.1%,0.5%,8.1%,8.1%,34.0%,13.4%,5.1%,13.1%,354,12.7%,1.1%,11.3%,0.0%,0.0%,0.0%,15.5%,26.8%,2.8%,1.1%,28.5%,2772,15.0%,42.9%,12.4%,21.5%,8.1%,35980,41490,47796,45224,3682,193,5.2%,67,91,65,2,2.7,0,0,2,2,21,15,12,244.5,1544,1481,1685,156,2.3%,97.3%,0.4%,22,145516,4,49200,27,1.6%,2,0.1%,0,58,3.9%,26.0%,0.0%,1.4%,263,22,9.0%,6.6,1.0%,8.2%,0.0%,60.7%,3.7%,14.4%,0.0%,11.4%,9.9%,0.0%,1.94,15.24,39.9,6,327,None,1921,59.6%,16.0%,15.1%,0.0%,0.0%,1.2%,5.3%,1.2%,1.5%
45,114,42,003,120400,1,420031204001,Block Group 1,G5030,S,176103,0,+40.4633748,-079.9087841,5462.8531,22,12407882,15726.186,23,2105,Larimer,45,286.16,0.445,2,21,12,15726.185821,12407881.2955,,Larimer,12,13338,12102,9457,7397,5044,3992,2602,1728,-21.78%,-31.81%,-20.86%,-34.82%,-33.59%,0.57%,0.4,284.8,3883.1,5847.2,6.1,9.1,85.82%,1.16%,0.98%,8.97%,3.07%,1.90%,5.91%,18.21%,15.22%,34.03%,8.90%,17.73%,1428,892,74.2%,25.8%,644,53.1%,46.9%,12,92.2%,7.8%,13.0%,5.1%,0.0%,11.6%,9.7%,60.6%,"$40,250","$50,969","$34,850",-31.6%,"$4,755",120,10,10,1.1%,478,5.4%,0.0%,14.0%,6.1%,1.5%,6.7%,7.1%,34.7%,13.8%,6.9%,3.8%,2644,5.7%,17.8%,4.5%,5.9%,17.2%,1.5%,14.6%,15.3%,0.4%,0.2%,17.0%,1205,17.1%,63.8%,10.7%,6.3%,2.1%,18478,26665,24546,29064,1544,333,21.6%,139,125,90,8,7.2,3,1,16,19,33,24,22,284.8,1732,1344,856,809,4.9%,79.9%,15.2%,8,181980,19,5327810,174,20.3%,39,4.6%,32,441,32.8%,10.0%,0.0%,0.0%,187,6.4,2.2%,3.7,0.0%,4.3%,0.0%,44.5%,8.1%,33.6%,2.8%,0.6%,10.4%,0.0%,2.93,15.79,35.5,2,93,None,462,51.5%,6.1%,31.0%,0.0%,0.0%,0.0%,9.3%,0.0%,2.2%
46,119,42,003,563200,1,420035632001,Block Group 1,G5030,S,316619,138447,+40.4496580,-079.9981098,9418.516409,50,8455805,17994.088,51,2133,North Shore,57,195.014,0.303,1,18,16,17994.087546,8455804.95408,,North Shore,16,5152,3952,2076,725,402,273,270,303,-65.08%,-44.55%,-32.09%,-1.10%,12.22%,0.10%,0.3,193.9,1000,891.1,1.6,1.4,4.62%,5.61%,1.32%,83.50%,4.95%,3.60%,0.00%,0.00%,40.17%,39.74%,14.85%,5.24%,251,241,85.5%,14.5%,183,0.0%,100.0%,0,100.0%,0.0%,17.0%,60.2%,5.8%,5.8%,11.2%,0.0%,"$20,000","$25,326",N/A,N/A,"$19,524,500",2,0,0,0.0%,162,14.8%,14.2%,0.0%,0.0%,0.0%,0.0%,21.0%,29.0%,0.0%,0.0%,21.0%,3400,13.1%,17.6%,1.8%,0.6%,7.1%,5.1%,20.3%,10.9%,13.2%,1.2%,9.1%,196,5.6%,36.2%,24.0%,5.6%,28.6%,70125,82650,93154,90089,229,0,0.0%,72,68,43,23.8,22.4,0,0,1,6,7,5,8,193.9,287,170,41,187,80.0%,12.5%,7.5%,0,0,26,10278676,5,12.2%,0,0.0%,2,9,5.3%,0.0%,0.0%,82.0%,400,10.7,5.5%,35.4,0.0%,0.0%,0.0%,0.0%,0.3%,0.1%,0.0%,0.0%,0.0%,99.6%,6.81,13.6,44.9,0,0,G,161,72.0%,0.0%,0.0%,0.0%,0.0%,0.0%,28.0%,0.0%,0.0%
47,120,42,003,562400,1,420035624001,Block Group 1,G5030,S,818084,0,+40.4077250,-080.0012233,15887.006504,85,8738354,15889.566,86,2168,Bon Air,12,201.53,0.313,4,57,6,15889.567144,8738354.36946,,Bon Air,6,814,1330,1500,1428,1144,1006,889,808,-4.80%,-19.89%,-12.06%,-11.63%,-9.11%,0.26%,0.3,200.3,2581.5,2840.3,4,4.4,4.33%,1.49%,0.00%,93.44%,0.74%,0.90%,3.62%,16.34%,20.17%,25.03%,22.75%,12.10%,404,387,94.1%,5.9%,423,84.9%,15.1%,15,100.0%,0.0%,0.0%,2.8%,4.6%,2.8%,55.2%,34.6%,"$63,300","$80,157","$69,500",-13.3%,"$65,000",7,2,4,1.0%,461,15.4%,6.9%,20.6%,2.6%,2.2%,8.9%,10.6%,16.7%,4.3%,4.8%,6.9%,182,0.0%,13.7%,8.2%,2.2%,5.5%,0.0%,2.2%,13.7%,41.2%,0.0%,13.2%,715,21.5%,57.2%,8.1%,9.2%,3.9%,40417,37448,53690,40818,967,106,11.0%,26,55,38,3.2,6.8,0,0,1,4,7,1,11,200.3,512,443,483,86,2.9%,96.9%,0.2%,2,21350,3,145435,8,1.7%,0,0.0%,0,20,4.5%,38.2%,50.8%,5.7%,56,26.6,13.3%,32.9,0.0%,34.9%,0.0%,38.3%,4.4%,8.4%,0.0%,48.5%,0.4%,0.0%,1.67,9.17,29.3,1,57,None,438,60.3%,20.8%,13.5%,0.0%,0.0%,0.0%,3.7%,0.0%,1.8%
48,122,42,003,202300,4,420032023004,Block Group 4,G5030,S,835320,0,+40.4127817,-080.0357088,11460.149126,79,27009770,25477.746,80,2162,Banksville,6,622.919,0.969,5,19,5,25477.745703,27009770.5173,,Banksville,5,1214,1328,2641,4927,3831,4769,4540,4144,86.56%,-22.24%,24.48%,-4.80%,-8.72%,1.36%,1,620.2,4276.6,4685.2,6.7,7.3,4.08%,5.09%,0.53%,88.10%,2.20%,1.40%,2.88%,11.12%,25.16%,29.82%,9.16%,21.85%,2203,2118,95.4%,4.6%,2093,49.9%,50.1%,5,85.2%,14.8%,1.3%,9.8%,4.6%,41.6%,38.2%,4.6%,"$87,200","$110,421","$110,900",0.4%,"$101,431",40,7,5,0.2%,2532,5.4%,4.9%,11.1%,1.9%,1.8%,10.7%,11.5%,21.0%,9.6%,8.3%,13.8%,1839,4.9%,7.3%,17.4%,0.0%,4.1%,5.4%,8.4%,23.7%,12.8%,0.2%,15.8%,3935,9.8%,51.5%,9.8%,22.3%,6.6%,38555,50625,51217,55181,4170,243,5.8%,62,81,61,1.5,2,0,0,2,5,9,5,7,620.2,1459,1426,1492,154,7.0%,92.8%,0.2%,20,595696,12,359201,16,1.1%,2,0.1%,1,38,2.7%,6.3%,90.3%,0.0%,506,17.1,2.7%,4.1,0.0%,18.2%,0.0%,72.0%,7.8%,4.9%,0.0%,15.2%,0.0%,0.0%,5.99,18.33,18.9,4,322,None,2506,81.5%,5.9%,11.7%,0.0%,0.0%,0.0%,0.7%,0.2%,0.0%
49,123,42,003,563000,2,420035630002,Block Group 2,G5030,S,574770,0,+40.4597668,-080.0778300,10840.373133,25,11563175,20989.238,26,2108,Windgap,90,266.678,0.415,5,6,4,20989.238671,11563174.9172,,Windgap,4,218,740,629,534,1757,1603,1447,1369,-15.10%,229.03%,-8.76%,-9.73%,-5.39%,0.45%,0.4,265.6,3298.8,3486.7,5.2,5.4,34.77%,0.51%,0.51%,61.80%,2.41%,1.20%,7.20%,12.83%,14.93%,33.83%,21.31%,9.90%,667,671,93.6%,6.4%,615,91.1%,8.9%,13,100.0%,0.0%,0.0%,2.9%,3.2%,40.1%,21.7%,32.1%,"$66,000","$83,576","$78,200",-6.4%,"$59,950",22,4,13,1.9%,577,6.4%,12.1%,22.7%,4.7%,8.3%,7.3%,10.9%,19.1%,5.9%,1.7%,0.9%,74,0.0%,20.3%,0.0%,0.0%,0.0%,0.0%,13.5%,5.4%,20.3%,0.0%,40.5%,979,10.1%,67.1%,12.7%,6.3%,3.8%,31601,40982,41979,44670,1333,72,5.4%,41,40,28,3,2.9,1,0,4,1,8,7,5,265.6,716,668,749,92,14.8%,84.4%,0.8%,3,138050,0,0,27,3.6%,1,0.1%,0,33,4.9%,11.0%,0.0%,2.1%,104,11.6,4.4%,8.5,0.0%,23.2%,0.0%,62.8%,0.5%,11.6%,0.0%,25.1%,0.0%,0.0%,1.1,8.92,21.5,1,16,None,567,60.0%,16.9%,18.0%,0.0%,0.0%,0.0%,0.0%,5.1%,0.0%
50,140,42,003,080700,2,420030807002,Block Group 2,G5030,S,143135,0,+40.4592964,-079.9351049,5199.261124,30,2961361.7,7707.149,31,2113,Friendship,34,68.297,0.106,2,57,12,7707.149974,2961361.71379,,Friendship,12,2357,2852,2362,2136,2148,1976,1791,1785,-9.57%,0.56%,-8.01%,-9.36%,-0.34%,0.58%,0.1,67.8,16839.6,16896.2,26.3,26.4,20.28%,12.66%,2.02%,62.75%,2.30%,4.30%,3.70%,7.46%,50.13%,26.63%,8.02%,4.07%,1180,1163,92.1%,7.9%,1012,13.9%,86.1%,0,100.0%,0.0%,3.6%,0.3%,2.3%,5.5%,25.4%,62.8%,"$115,600","$146,384","$167,300",14.3%,"$197,950",18,3,5,0.4%,936,3.4%,4.9%,13.8%,0.7%,2.6%,4.9%,3.8%,38.9%,14.5%,4.0%,8.4%,464,5.4%,0.0%,10.8%,2.2%,4.3%,18.3%,10.8%,29.1%,4.3%,0.0%,14.9%,1091,4.5%,28.2%,7.4%,30.5%,29.3%,22358,22107,29700,24097,1596,334,20.9%,89,44,36,5,2.5,0,0,7,4,9,15,8,67.8,383,365,426,11,17.8%,79.1%,3.1%,7,89977,2,31500,17,4.0%,0,0.0%,0,9,2.5%,0.0%,0.0%,0.0%,246,0,0.0%,0,0.0%,0.0%,0.0%,78.8%,20.4%,0.0%,0.0%,0.8%,0.0%,0.0%,0.57,4.4,41.5,0,0,None,936,35.8%,6.8%,28.5%,0.0%,0.0%,4.9%,20.1%,0.0%,3.8%
51,143,42,003,561600,2,420035616002,Block Group 2,G5030,S,863468,0,+40.4138332,-079.9632700,22763.203864,81,13108599,27698.121,82,2164,Arlington,4,302.32,0.47,4,57,7,27698.121196,13108599.1278,,Arlington,7,2702,3203,4430,3949,2294,2210,1999,1869,-10.86%,-41.91%,-3.66%,-9.55%,-6.50%,0.61%,0.5,300.8,3976.6,4253.2,6.2,6.6,19.85%,0.16%,0.37%,76.46%,3.16%,1.40%,6.91%,18.89%,19.45%,31.53%,8.88%,14.33%,880,886,86.6%,13.4%,754,65.4%,34.6%,11,100.0%,0.0%,0.0%,1.1%,1.6%,0.5%,24.5%,72.3%,"$38,800","$49,132","$44,200",-10.0%,"$15,397",34,12,13,1.5%,685,7.2%,13.0%,12.3%,1.8%,5.0%,0.9%,9.2%,27.3%,8.3%,0.0%,15.2%,62,16.1%,6.5%,0.0%,0.0%,6.5%,0.0%,0.0%,64.5%,0.0%,0.0%,6.5%,1232,14.9%,65.3%,10.1%,7.1%,2.5%,27167,25119,36089,27380,1779,361,20.3%,50,84,48,2.7,4.5,0,1,8,5,15,7,9,300.8,1049,950,1034,198,0.3%,97.6%,2.1%,10,159496,1,50000,130,12.6%,10,1.0%,7,142,14.9%,41.4%,57.3%,1.5%,79,6.7,2.2%,3.6,0.0%,29.4%,7.3%,43.7%,3.8%,10.9%,0.0%,41.6%,0.0%,0.0%,0.86,10.73,22.8,13,428,None,673,74.0%,7.3%,13.5%,0.0%,0.0%,0.0%,1.9%,0.9%,2.4%
52,146,42,003,561700,1,420035617001,Block Group 1,G5030,S,807397,0,+40.4088032,-079.9721874,12303.6007,87,8640989,12308.219,88,2170,St. Clair,78,199.285,0.31,4,23,7,12308.218541,8640989.25732,,St. Clair,7,2601,3089,3448,2914,3328,1960,1453,209,-15.49%,14.21%,-41.11%,-25.87%,-85.62%,0.07%,0.3,198.4,674.2,4687.1,1.1,7.3,46.89%,0.00%,0.00%,52.63%,0.48%,0.50%,9.87%,40.41%,11.84%,28.67%,6.11%,3.10%,768,165,50.3%,49.7%,328,44.5%,55.5%,9,100.0%,0.0%,0.0%,0.0%,0.0%,11.3%,54.9%,33.8%,"$45,000","$56,984","$41,100",-27.9%,"$23,000",5,1,18,10.9%,289,0.0%,4.5%,21.8%,2.4%,0.0%,9.3%,0.0%,41.9%,13.8%,0.0%,6.2%,59,0.0%,25.4%,0.0%,0.0%,0.0%,6.8%,0.0%,25.4%,25.4%,0.0%,16.9%,477,18.9%,69.2%,7.3%,4.6%,0.0%,15395,28304,20451,30851,1064,467,43.9%,14,10,10,6.7,4.8,0,0,0,2,2,4,0,198.4,191,151,181,89,n/a,n/a,n/a,1,2000,0,0,23,12.7%,1,0.6%,2,48,31.8%,47.1%,61.9%,0.1%,85,0,0.0%,0,0.0%,49.3%,0.0%,39.5%,1.6%,0.2%,0.0%,58.7%,0.0%,0.0%,1.37,4.36,14.1,1,26,None,289,30.8%,0.0%,55.0%,0.0%,0.0%,0.0%,10.0%,0.0%,4.2%
53,147,42,003,561700,2,420035617002,Block Group 2,G5030,S,268306,0,+40.4108740,-079.9793742,7452.430225,86,2871538.2,7443.4,87,2169,Mt. Oliver,53,66.226,0.103,4,18,7,7443.40029,2871538.43198,,Mt. Oliver,7,1448,1716,2586,2185,716,620,584,509,-15.51%,-67.23%,-13.41%,-5.81%,-12.84%,0.17%,0.1,64,5090,5840,8,9.1,37.72%,0.39%,0.98%,58.15%,2.75%,1.80%,0.00%,33.88%,14.49%,39.86%,9.60%,2.17%,246,232,83.6%,16.4%,213,67.6%,32.4%,12,100.0%,0.0%,0.0%,0.0%,0.0%,9.9%,32.9%,57.3%,"$39,200","$49,639","$56,700",14.2%,"$15,000",6,2,42,18.1%,206,0.0%,8.3%,25.7%,5.3%,0.0%,5.3%,4.9%,15.5%,4.9%,5.3%,24.8%,98,0.0%,0.0%,4.1%,0.0%,0.0%,0.0%,0.0%,91.8%,0.0%,4.1%,0.0%,355,22.5%,68.7%,2.8%,0.0%,5.9%,31832,38505,42285,41970,552,201,36.4%,12,28,16,2.4,5.5,0,1,0,4,1,3,2,64,299,264,271,53,0.0%,97.4%,2.6%,2,8321,0,0,91,33.6%,1,0.4%,2,52,19.7%,9.2%,94.7%,0.0%,7,17.7,27.7%,34.8,0.0%,11.5%,0.0%,87.0%,0.0%,0.0%,0.0%,0.0%,13.0%,0.0%,0.74,3.53,35.3,5,155,None,196,52.0%,11.2%,23.5%,0.0%,0.0%,0.0%,13.3%,0.0%,0.0%
54,149,42,003,202200,3,420032022003,Block Group 3,G5030,S,174657,0,+40.4580322,-080.0647449,7204.28883,31,24807354,24066.42,32,2114,Sheraden,69,572.125,0.89,5,19,4,24066.420427,24807353.4024,,Sheraden,4,8825,8831,8283,8304,7450,6654,6049,5299,0.25%,-10.28%,-10.68%,-9.09%,-12.40%,1.73%,0.9,569.6,5953.9,6796.6,9.3,10.6,41.25%,2.42%,0.77%,50.86%,4.70%,1.60%,8.77%,19.87%,21.65%,34.77%,9.67%,5.26%,2621,2509,85.0%,15.0%,2237,64.8%,35.2%,7,100.0%,0.0%,1.5%,2.0%,4.9%,11.5%,19.1%,61.1%,"$50,500","$63,948","$61,600",-3.7%,"$11,500",115,69,12,0.5%,2524,8.9%,5.6%,13.6%,6.2%,1.7%,11.3%,11.1%,17.2%,14.9%,3.6%,5.9%,707,24.0%,7.6%,6.4%,6.9%,4.2%,4.2%,2.8%,25.5%,6.4%,2.7%,9.2%,3624,18.9%,59.3%,11.3%,6.7%,3.8%,34502,31064,45832,33860,5558,1481,26.6%,222,384,184,4.2,7.2,2,3,21,21,73,25,61,569.6,2756,2280,2500,599,1.1%,97.4%,1.5%,17,465821,4,150500,239,9.6%,16,0.6%,5,248,10.9%,38.2%,0.0%,0.1%,365,60,10.5%,11.3,0.0%,17.1%,0.0%,40.6%,4.9%,7.4%,0.0%,13.9%,33.2%,0.0%,1.84,31.11,35,20,1189,None,2438,53.7%,20.8%,20.9%,0.0%,0.0%,0.0%,1.7%,2.3%,0.6%
55,151,42,003,980700,1,420039807001,Block Group 1,G5030,S,563109,416134,+40.4366295,-080.0102703,21342.881011,58,5905659.5,21338.58,59,2141,South Shore,71,136.201,0.212,5,19,16,21338.580466,5905659.6703,,South Shore,16,184,138,113,87,70,44,56,19,-23.01%,-19.54%,-37.14%,27.27%,-66.07%,0.01%,0.2,135.7,89.6,264.2,0.1,0.4,0.00%,0.00%,0.00%,100.00%,0.00%,0.00%,0.00%,23.68%,21.05%,55.26%,0.00%,0.00%,40,15,66.7%,33.3%,18,0.0%,100.0%,16,100.0%,0.0%,0.0%,0.0%,0.0%,100.0%,0.0%,0.0%,N/A,N/A,N/A,N/A,$200,1,0,5,33.3%,38,0.0%,28.9%,0.0%,0.0%,0.0%,0.0%,0.0%,26.3%,44.7%,0.0%,0.0%,2815,3.2%,6.0%,6.7%,1.1%,15.8%,18.7%,16.7%,1.4%,21.7%,1.2%,7.5%,21,0.0%,52.4%,0.0%,0.0%,47.6%,12188,150250,16191,163773,38,0,0.0%,37,60,50,194.7,315.8,0,0,4,1,5,2,3,135.7,174,84,63,58,n/a,n/a,n/a,0,0,7,110114,2,3.2%,0,0.0%,0,5,6.0%,7.6%,0.0%,52.4%,12,3.8,2.8%,198.1,0.0%,1.4%,0.0%,0.0%,1.7%,40.8%,0.0%,8.8%,0.0%,48.7%,3.64,7.98,37.7,0,0,None,38,76.3%,0.0%,23.7%,0.0%,0.0%,0.0%,0.0%,0.0%,0.0%
56,152,42,003,562700,1,420035627001,Block Group 1,G5030,S,374415,0,+40.4507843,-080.0144032,8746.405189,48,3938870.2,8658.042,49,2131,Allegheny West,2,90.841,0.141,1,21,3,8658.042051,3938870.37673,,Allegheny West,3,3210,3313,2170,1124,820,654,508,462,-48.20%,-27.05%,-20.24%,-22.32%,-9.06%,0.15%,0.1,90.2,3276.6,3602.8,5.1,5.6,18.18%,1.52%,0.65%,76.62%,3.03%,2.80%,0.00%,0.00%,8.37%,68.20%,12.55%,10.88%,390,355,74.9%,25.1%,203,18.2%,81.8%,15,100.0%,0.0%,0.0%,3.6%,0.0%,7.9%,31.0%,57.4%,"$159,700","$202,228","$123,600",-38.9%,"$309,940",7,0,1,0.3%,151,0.0%,6.6%,0.0%,14.6%,0.0%,0.0%,11.3%,25.2%,36.4%,6.0%,0.0%,1294,1.2%,12.4%,3.1%,0.3%,0.8%,6.6%,3.9%,48.7%,4.6%,1.9%,16.6%,239,9.2%,28.9%,6.7%,44.8%,10.5%,26638,41761,35386,45519,239,12,5.0%,38,49,31,8.2,10.6,1,0,4,6,6,4,12,90.2,282,234,176,49,72.0%,22.3%,5.7%,2,30784,6,795300,3,1.7%,1,0.6%,0,3,1.3%,9.3%,0.0%,2.3%,229,7.2,8.0%,15.5,0.0%,4.2%,0.0%,42.1%,12.5%,6.3%,26.4%,12.6%,0.0%,0.0%,1.47,4.87,34.5,0,0,G,151,23.2%,20.5%,15.9%,14.6%,0.0%,0.0%,25.8%,0.0%,0.0%
57,153,42,003,562600,2,420035626002,Block Group 2,G5030,S,579141,0,+40.4400199,-080.0409711,11480.140003,49,16904768,21609.799,50,2132,Elliott,30,389.87,0.606,5,25,4,21609.799343,16904767.616,,Elliott,4,6814,6340,5622,4841,3832,3104,2954,2381,-13.89%,-20.84%,-19.00%,-4.83%,-19.40%,0.78%,0.6,387.8,3929,4874.6,6.1,7.6,29.57%,0.67%,0.92%,65.52%,3.32%,1.60%,1.53%,31.64%,6.86%,42.22%,9.79%,7.95%,1415,1270,80.9%,19.1%,987,61.4%,38.6%,10,100.0%,0.0%,0.7%,5.6%,3.6%,9.1%,15.2%,65.9%,"$46,100","$58,376","$51,300",-12.1%,"$7,031",59,23,30,2.4%,958,4.1%,17.0%,2.2%,4.5%,0.0%,10.6%,15.6%,19.1%,9.9%,4.2%,12.8%,924,7.6%,0.0%,7.0%,1.1%,65.5%,0.4%,1.6%,7.6%,0.0%,6.0%,3.2%,1481,23.2%,47.7%,19.0%,9.5%,0.7%,29954,26042,39791,28386,2268,445,19.6%,105,165,97,4.4,6.9,2,0,18,7,22,10,23,387.8,1631,1356,1344,370,0.6%,95.7%,3.7%,10,50675,4,52000,95,7.1%,12,0.9%,9,211,15.6%,37.6%,9.9%,3.3%,179,46.7,12.0%,19.6,6.0%,24.6%,3.4%,38.3%,2.8%,1.8%,0.0%,15.2%,41.8%,0.0%,4.06,19.04,31.4,19,1328,None,949,43.4%,22.7%,27.6%,0.0%,0.0%,0.0%,3.3%,0.0%,3.1%
58,167,42,003,070900,2,420030709002,Block Group 2,G5030,S,136793,0,+40.4510923,-079.9473004,5126.461434,42,25673624,25073.463,43,2125,Shadyside,68,592.104,0.921,2,23,12,25073.462299,25673625.0628,,Shadyside,12,17680,19279,18177,15848,13945,13385,13754,13915,-12.81%,-12.01%,-4.02%,2.76%,1.17%,4.55%,0.9,589.4,15108.6,14933.8,23.6,23.3,5.40%,19.86%,0.91%,71.90%,1.93%,3.30%,4.52%,5.88%,50.35%,22.69%,8.49%,8.07%,8451,8610,93.3%,6.7%,8185,29.5%,70.5%,0,95.6%,4.4%,2.3%,3.6%,9.0%,23.6%,20.1%,41.5%,"$153,560","$194,453","$264,860",36.2%,"$247,000",204,8,2,0.0%,8397,0.9%,4.9%,6.4%,2.3%,3.0%,7.6%,17.7%,45.6%,7.1%,1.7%,2.8%,9027,2.4%,1.9%,10.9%,4.1%,1.3%,4.6%,6.2%,52.6%,7.4%,0.6%,8.0%,10234,4.2%,15.7%,18.0%,32.3%,29.8%,35709,45315,47435,49393,13757,2656,19.3%,623,308,285,4.5,2.2,0,1,24,10,60,53,14,589.4,3976,3724,2548,193,13.9%,85.6%,0.5%,49,2792003,57,11388665,53,2.1%,0,0.0%,3,33,0.9%,1.1%,0.0%,0.0%,1601,17.1,2.9%,1.2,0.0%,0.0%,0.0%,82.1%,11.3%,0.0%,3.0%,2.9%,0.0%,0.8%,4.29,27.24,29.6,0,0,"J, U, V, X, Y",8223,44.8%,7.3%,26.9%,0.0%,0.4%,1.2%,17.3%,0.4%,1.7%
59,173,42,003,300100,5,420033001005,Block Group 5,G5030,S,121963,0,+40.4109357,-079.9931744,5583.468613,84,8411048,12000.762,85,2167,Knoxville,44,193.982,0.302,4,81,6,12000.761832,8411048.34192,,Knoxville,6,8024,7867,7353,6527,5524,4971,4432,3747,-11.23%,-15.37%,-10.01%,-10.84%,-15.46%,1.23%,0.3,193.3,12407.3,14675.5,19.4,22.9,51.51%,0.88%,0.88%,42.78%,3.95%,1.30%,7.70%,27.88%,14.89%,34.37%,9.56%,5.60%,1923,1857,78.6%,21.4%,1453,65.8%,34.2%,8,100.0%,0.0%,2.5%,0.0%,0.0%,5.3%,18.5%,73.7%,"$36,000","$45,587","$39,900",-12.5%,"$10,634",50,36,19,1.0%,1536,2.0%,8.7%,8.7%,2.1%,4.6%,6.5%,10.4%,32.3%,10.4%,5.8%,8.4%,534,4.7%,0.0%,18.7%,0.0%,0.0%,2.8%,7.5%,35.6%,18.7%,0.7%,11.2%,2379,22.1%,60.2%,3.2%,11.1%,3.3%,26488,27893,35187,30403,3947,1130,28.6%,223,392,170,6,10.5,2,3,25,29,83,21,113,193.3,1736,1685,1905,157,1.7%,93.8%,4.6%,12,63778,0,0,232,12.2%,24,1.3%,16,298,17.7%,0.1%,99.9%,0.0%,464,0.1,0.0%,0,0.0%,0.5%,0.0%,94.0%,5.9%,0.0%,0.0%,0.1%,0.0%,0.0%,1.2,14.42,47.7,5,151,None,1493,48.4%,12.4%,30.4%,0.0%,0.0%,0.0%,7.5%,1.3%,0.0%
60,178,42,003,562700,2,420035627002,Block Group 2,G5030,S,535964,5234,+40.4515765,-080.0053403,10563.791697,45,5840713,10570.415,46,2128,Allegheny Center,1,134.703,0.21,1,19,3,10570.414827,5840713.26537,,Allegheny Center,3,4521,3862,2512,632,1586,1262,886,933,-74.84%,150.95%,-20.43%,-29.79%,5.30%,0.31%,0.2,134.4,4442.9,4219,6.9,6.6,48.55%,6.00%,0.64%,40.84%,3.97%,2.90%,4.19%,21.70%,27.57%,22.43%,17.61%,6.50%,675,1052,51.5%,48.5%,535,10.1%,89.9%,0,100.0%,0.0%,4.6%,2.1%,7.4%,67.3%,17.3%,1.3%,"$86,500","$109,535","$136,300",24.4%,N/A,0,0,0,0.0%,386,3.1%,1.8%,11.9%,0.0%,0.0%,10.4%,5.4%,42.7%,19.7%,1.0%,3.9%,5410,3.1%,9.4%,1.8%,7.7%,8.5%,21.3%,9.3%,25.8%,6.7%,2.0%,4.4%,609,18.7%,44.5%,17.2%,15.8%,3.8%,16964,20911,22535,22793,954,324,34.0%,71,141,46,7.6,15.1,0,2,9,5,8,5,31,134.4,67,26,58,15,n/a,n/a,n/a,0,0,6,6314000,0,0.0%,0,0.0%,0,0,0.0%,0.0%,0.0%,0.2%,22,55.3,41.1%,59.2,0.0%,0.0%,0.0%,0.0%,49.4%,0.0%,0.0%,50.6%,0.0%,0.0%,2.23,4.14,19.7,0,0,None,386,27.7%,9.8%,16.8%,0.0%,0.0%,0.0%,43.8%,0.0%,1.8%
61,181,42,003,270800,3,420032708003,Block Group 3,G5030,S,633737,0,+40.4865869,-080.0297229,13818.097632,3,31143860,26060.684,4,2086,Brighton Heights,13,718.262,1.117,1,23,2,26060.684132,31143860.7521,,Brighton Heights,2,11515,11847,11483,10604,9122,8580,8050,7247,-7.65%,-13.98%,-5.94%,-6.18%,-9.98%,2.37%,1.1,714.9,6487.9,7206.8,10.1,11.3,21.84%,0.65%,0.52%,73.88%,3.10%,1.60%,5.90%,19.69%,20.80%,36.96%,9.17%,7.48%,3664,3615,90.2%,9.8%,3645,65.7%,34.3%,5,100.0%,0.0%,0.3%,3.7%,9.1%,5.0%,20.3%,61.6%,"$68,733","$87,037","$81,433",-6.4%,"$67,000",163,55,35,1.0%,3979,2.2%,5.6%,12.3%,4.9%,2.8%,11.5%,9.5%,26.4%,9.0%,7.2%,8.7%,917,8.7%,7.5%,4.3%,4.9%,0.9%,5.9%,6.4%,28.4%,9.8%,1.1%,22.1%,5597,9.9%,51.6%,13.1%,18.0%,7.4%,34466,39694,45785,43267,8366,1780,21.3%,241,286,151,3.3,3.9,0,2,17,23,69,29,34,714.9,3317,3097,3517,360,9.5%,89.9%,0.6%,35,451424,3,96500,108,3.1%,11,0.3%,5,178,5.7%,32.3%,0.0%,2.6%,729,33.2,4.7%,4.6,1.0%,12.7%,0.0%,59.4%,3.3%,5.1%,0.0%,5.5%,26.7%,0.0%,4.19,29.52,26.4,10,477,None,3968,63.1%,11.5%,17.9%,0.0%,0.5%,0.0%,3.2%,1.1%,2.7%
62,184,42,003,281400,1,420032814001,Block Group 1,G5030,S,348105,0,+40.4496310,-080.0569283,8486.848119,51,21011160,21289.383,52,2134,Crafton Heights,23,484.575,0.754,5,23,4,21289.383809,21011159.5373,,Crafton Heights,4,3930,4014,4560,4895,4904,4563,4199,3814,7.35%,0.18%,-6.95%,-7.98%,-9.17%,1.25%,0.8,482.6,5058.4,5569,7.9,8.7,28.66%,0.73%,0.76%,66.28%,3.57%,1.50%,7.59%,14.92%,19.92%,36.96%,10.90%,9.71%,1819,1836,88.5%,11.5%,1634,62.8%,37.2%,7,100.0%,0.0%,0.0%,1.3%,5.0%,23.4%,29.6%,40.7%,"$64,450","$81,613","$76,650",-6.1%,"$40,000",60,29,18,1.0%,1838,3.8%,6.5%,10.9%,4.4%,2.9%,9.9%,9.7%,21.1%,9.4%,6.5%,14.8%,367,16.3%,17.4%,3.8%,8.2%,2.7%,0.0%,6.8%,32.7%,8.2%,0.0%,3.8%,2731,17.5%,62.8%,9.6%,9.4%,0.7%,35625,39288,47324,42824,3837,630,16.4%,89,150,68,2.3,3.9,0,2,4,7,29,8,23,482.6,1976,1756,1700,476,6.7%,92.7%,0.6%,10,96475,3,85000,73,4.3%,1,0.1%,0,126,7.2%,36.3%,41.4%,0.0%,315,7.3,1.5%,1.9,0.0%,21.7%,0.0%,74.1%,1.3%,2.3%,0.0%,22.3%,0.0%,0.0%,3.04,19.33,25.6,9,632,None,1757,67.7%,12.3%,16.8%,0.0%,0.7%,0.0%,0.8%,0.7%,0.9%
63,197,42,003,060500,2,420030605002,Block Group 2,G5030,S,255123,0,+40.4586040,-079.9613007,9025.775014,39,7097053,14866.162,40,2122,Polish Hill,65,163.677,0.255,2,6,13,14866.162325,7097053.08855,,Polish Hill,13,5880,4896,3619,2709,1845,1610,1488,1274,-25.15%,-31.89%,-12.74%,-7.58%,-14.38%,0.42%,0.3,163.2,4996.1,5835.3,7.8,9.1,12.17%,1.26%,0.71%,82.89%,2.98%,2.20%,0.65%,6.53%,25.05%,44.94%,9.40%,13.42%,928,849,82.1%,17.9%,715,55.7%,44.3%,8,100.0%,0.0%,0.0%,4.6%,13.2%,1.2%,16.2%,64.8%,"$40,500","$51,285","$62,700",22.3%,"$19,900",37,1,3,0.4%,941,5.8%,8.7%,23.8%,7.7%,0.0%,3.1%,6.0%,30.5%,10.6%,3.4%,0.4%,318,3.1%,4.7%,6.3%,4.7%,1.3%,0.0%,15.7%,1.3%,45.6%,0.0%,17.3%,1210,15.9%,45.5%,16.0%,18.3%,4.4%,19353,30972,25709,33759,1393,103,7.4%,34,39,40,2.7,3.1,1,0,3,3,6,8,11,163.2,899,740,613,293,5.2%,88.8%,6.0%,19,391790,6,685000,16,2.6%,8,1.3%,1,75,10.1%,75.0%,0.1%,0.4%,156,24.5,15.0%,19.3,0.0%,9.5%,0.0%,26.4%,10.3%,28.0%,0.0%,16.2%,19.0%,0.0%,1.46,8.02,31.4,16,988,None,921,73.0%,9.7%,11.3%,0.0%,0.0%,0.0%,1.2%,0.0%,4.9%
64,201,42,003,980600,1,420039806001,Block Group 1,G5030,S,982752,473795,+40.4518148,-080.0280506,19600.683116,34,10688264,19607.977,35,2117,Chateau,22,246.501,0.383,1,113,3,19607.976133,10688263.843,,Chateau,3,8267,7326,5251,681,322,12,39,11,-87.03%,-52.72%,-96.27%,225.00%,-71.79%,0.00%,0.4,245.1,28.7,101.8,0,0.2,27.27%,0.00%,0.00%,72.73%,0.00%,0.00%,22.83%,0.00%,77.17%,0.00%,0.00%,0.00%,29,4,100.0%,0.0%,28,0.0%,100.0%,0,100.0%,0.0%,0.0%,0.0%,0.0%,100.0%,0.0%,0.0%,N/A,N/A,N/A,N/A,"$250,000",1,9,0,0.0%,0,N/A,N/A,N/A,N/A,N/A,N/A,N/A,N/A,N/A,N/A,N/A,6870,9.2%,12.5%,4.3%,43.7%,1.8%,3.1%,4.3%,5.2%,2.0%,1.2%,12.7%,0,N/A,N/A,N/A,N/A,N/A,7440,0,9883,0,92,92,100.0%,16,24,48,145.5,218.2,0,0,1,0,0,2,14,245.1,271,141,75,108,n/a,n/a,n/a,0,0,9,1267021,2,2.7%,0,0.0%,2,17,12.1%,0.0%,0.0%,56.7%,100,1.6,0.6%,144.3,0.0%,0.0%,0.0%,0.0%,15.0%,57.7%,0.0%,0.0%,0.0%,27.2%,5.72,13.44,35.1,0,0,None,0,N/A,N/A,N/A,N/A,N/A,N/A,N/A,N/A,N/A
65,202,42,003,561600,1,420035616001,Block Group 1,G5030,S,294192,0,+40.4168800,-079.9615214,10586.530752,82,3667921.5,10585.539,83,2165,Arlington Heights,5,84.592,0.132,4,113,7,10585.538172,3667921.40983,,Arlington Heights,7,2413,2860,2272,2037,1466,1497,238,244,-10.34%,-28.03%,2.11%,-84.10%,2.52%,0.08%,0.1,84.5,1848.5,1803,2.9,2.8,84.02%,0.00%,1.64%,9.43%,4.92%,0.80%,4.10%,39.25%,16.38%,30.72%,3.41%,6.14%,557,148,91.2%,8.8%,139,18.7%,81.3%,2,100.0%,0.0%,0.0%,0.0%,7.1%,35.3%,48.4%,9.2%,"$45,000","$56,984","$64,400",13.0%,N/A,0,0,0,0.0%,72,0.0%,0.0%,13.9%,0.0%,0.0%,29.2%,0.0%,18.1%,27.8%,0.0%,11.1%,10,0.0%,0.0%,0.0%,0.0%,0.0%,0.0%,0.0%,100.0%,0.0%,0.0%,0.0%,166,18.1%,74.1%,0.0%,7.8%,0.0%,18646,9417,24769,10265,293,169,57.7%,19,37,24,7.8,15.2,0,0,4,5,5,3,7,84.5,10,7,13,4,n/a,n/a,n/a,0,0,0,0,0,0.0%,0,0.0%,0,3,42.9%,39.9%,61.2%,0.0%,3,0,0.0%,0,0.0%,41.8%,0.0%,56.5%,0.0%,0.0%,0.0%,43.4%,0.0%,0.0%,0,1.09,8.2,0,0,None,72,11.1%,0.0%,88.9%,0.0%,0.0%,0.0%,0.0%,0.0%,0.0%
66,203,42,003,140100,3,420031401003,Block Group 3,G5030,S,291302,0,+40.4427301,-079.9435821,8071.734942,54,34078712,30343.65,55,2137,Squirrel Hill North,76,785.948,1.222,3,57,10,30343.651076,34078713.1892,,Squirrel Hill North,10,10435,13009,13778,13576,12353,11471,10408,11363,-1.47%,-9.01%,-7.14%,-9.27%,9.18%,3.72%,1.2,782.1,9298.7,8517.2,14.5,13.3,3.24%,17.03%,2.18%,75.02%,2.53%,4.10%,5.12%,28.27%,29.92%,20.78%,9.82%,6.10%,3969,3892,93.0%,7.0%,3889,59.2%,40.8%,6,70.5%,29.5%,1.8%,1.0%,5.5%,12.2%,25.6%,53.9%,"$254,667","$322,485","$344,900",7.0%,"$337,500",103,6,9,0.2%,6095,1.1%,5.0%,5.0%,2.3%,1.1%,5.9%,14.8%,51.3%,5.9%,1.3%,6.5%,8671,2.1%,0.5%,3.9%,0.3%,3.3%,2.5%,5.8%,71.5%,5.0%,1.6%,3.4%,6207,1.8%,14.1%,17.4%,26.7%,40.1%,64740,83861,86001,91409,9009,797,8.8%,148,110,120,1.3,1,0,0,4,3,33,16,15,782.1,2836,2723,3144,99,17.6%,82.4%,0.0%,80,5976891,25,1814709,46,1.5%,1,0.0%,1,20,0.7%,0.4%,4.9%,0.0%,1846,26.2,3.4%,2.3,0.0%,2.1%,2.1%,79.1%,0.7%,0.0%,14.4%,5.7%,0.0%,0.0%,8.19,26.46,21.7,4,252,"J, K, Z",5962,47.5%,4.5%,11.1%,0.0%,0.2%,1.6%,26.1%,0.0%,9.0%
67,211,42,003,051100,1,420030511001,Block Group 1,G5030,S,183645,0,+40.4416579,-079.9764621,6208.941405,55,9529806,19562.576,56,2138,Terrace Village,83,219.783,0.342,3,94,15,19562.578069,9529806.36398,,Terrace Village,15,4054,11631,10520,7766,6550,5073,2631,3228,-26.18%,-15.66%,-22.55%,-48.14%,22.69%,1.06%,0.3,218.9,9438.6,7693,14.7,12,67.60%,2.39%,0.34%,27.88%,1.80%,1.10%,2.99%,40.93%,30.24%,17.97%,4.12%,3.76%,2074,1509,83.9%,16.1%,1286,3.1%,96.9%,0,63.4%,36.6%,23.8%,19.8%,1.2%,22.6%,21.1%,11.5%,"$54,500","$69,013","$59,300",-14.1%,"$4,658",9,2,1,0.1%,1067,2.1%,0.0%,5.5%,4.8%,0.0%,2.0%,13.0%,34.1%,30.5%,3.5%,4.6%,887,2.3%,1.7%,1.1%,1.1%,0.5%,1.1%,0.5%,84.6%,0.0%,2.7%,4.5%,1368,26.1%,53.1%,8.8%,4.0%,7.9%,7230,10857,9604,11834,2293,1060,46.2%,163,263,104,5,8.1,5,1,22,26,37,25,71,218.9,189,122,447,278,n/a,n/a,n/a,1,4000,4,421215,4,0.9%,0,0.0%,1,17,13.9%,14.7%,44.9%,0.0%,264,15.9,7.3%,4.9,0.0%,8.3%,0.0%,61.0%,0.0%,0.0%,24.2%,14.7%,0.1%,0.0%,0.74,7.41,21.7,3,157,None,1031,16.3%,6.4%,45.2%,0.0%,0.0%,0.0%,31.2%,0.0%,0.9%
68,214,42,003,050900,1,420030509001,Block Group 1,G5030,S,462660,4114,+40.4512373,-079.9745804,14216.964404,46,4997335.5,14192.737,47,2129,Bedford Dwellings,7,115.252,0.179,3,81,15,14192.738225,4997335.34975,,Bedford Dwellings,15,2663,3870,4915,3800,2878,2317,2109,1202,-22.69%,-24.26%,-19.49%,-8.98%,-43.01%,0.39%,0.2,114.6,6715.1,11782.1,10.5,18.4,92.01%,0.25%,0.75%,3.99%,3.00%,1.60%,19.12%,13.05%,14.05%,28.01%,16.96%,8.81%,1049,746,87.3%,12.7%,695,7.6%,92.4%,2,100.0%,0.0%,3.7%,8.1%,7.5%,11.9%,30.1%,38.6%,"$17,200","$21,780","$81,100",272.4%,$200,1,0,1,0.1%,358,0.0%,7.5%,0.0%,12.3%,0.0%,2.8%,2.2%,54.7%,2.2%,6.4%,11.7%,34,0.0%,11.8%,0.0%,0.0%,0.0%,0.0%,0.0%,0.0%,88.2%,0.0%,0.0%,733,8.3%,49.9%,12.8%,14.2%,14.7%,8955,9992,11896,10891,1203,589,49.0%,42,80,38,3.5,6.7,0,0,7,8,8,2,25,114.6,265,185,132,119,n/a,n/a,n/a,1,4000,0,0,9,6.8%,9,6.8%,6,42,22.7%,33.6%,69.3%,0.0%,45,8.7,7.6%,7.3,0.0%,23.4%,0.0%,59.5%,0.0%,2.7%,0.0%,37.6%,0.2%,0.0%,0.97,4.48,25.1,3,234,None,305,36.7%,16.7%,33.8%,0.0%,0.0%,0.0%,12.8%,0.0%,0.0%
69,215,42,003,141000,1,420031410001,Block Group 1,G5030,S,507903,0,+40.4328896,-079.8976172,16004.734351,68,5362860,15999.778,69,2151,Regent Square,66,123.682,0.192,3,19,10,15999.777863,5362859.97196,,Regent Square,10,1494,1440,1339,1212,1167,1090,1131,928,-9.48%,-3.71%,-6.60%,3.76%,-17.95%,0.30%,0.2,122.9,4833.3,5890.6,7.6,9.2,1.83%,3.13%,0.97%,92.35%,1.72%,2.50%,8.65%,5.65%,19.13%,47.45%,15.57%,3.55%,562,479,95.2%,4.8%,540,75.6%,24.4%,8,100.0%,0.0%,0.0%,0.0%,0.0%,9.9%,9.1%,80.9%,"$113,000","$143,092","$196,300",37.2%,"$224,900",17,1,2,0.4%,657,0.0%,13.2%,3.7%,4.0%,4.4%,10.2%,11.4%,45.5%,1.5%,1.5%,4.6%,159,0.0%,15.7%,25.2%,0.0%,0.0%,0.0%,18.9%,22.0%,15.7%,0.0%,2.5%,909,4.0%,24.1%,6.9%,21.0%,44.0%,54450,77647,72331,84635,1098,12,1.1%,38,14,12,4.1,1.5,0,1,2,0,6,1,1,122.9,388,386,616,4,16.4%,83.6%,0.0%,13,357288,1,20000,1,0.2%,0,0.0%,1,4,1.0%,32.8%,0.0%,2.7%,240,63.5,51.6%,68.4,0.0%,33.3%,0.0%,45.1%,0.4%,0.0%,0.0%,54.5%,0.0%,0.0%,0.46,4.51,23.5,0,0,None,614,60.6%,9.3%,23.5%,0.0%,0.0%,0.0%,3.1%,0.0%,3.6%
70,221,42,003,562900,2,420035629002,Block Group 2,G5030,S,4488597,20843,+40.3937604,-079.9499181,56370.852913,90,48800708,56384.668,91,2173,Hays,38,1125.478,1.75,4,24,8,56384.669081,48800707.2454,,Hays,8,2238,1897,1556,955,679,537,457,362,-38.62%,-28.90%,-20.91%,-14.90%,-20.79%,0.12%,1.8,1120,206.9,261.1,0.3,0.4,7.18%,1.66%,0.00%,87.85%,3.31%,3.60%,20.18%,6.06%,16.51%,28.07%,13.58%,15.60%,228,203,81.8%,18.2%,214,79.4%,20.6%,8,100.0%,0.0%,0.0%,3.3%,0.0%,0.0%,8.2%,88.5%,"$38,500","$48,753","$50,800",4.2%,"$10,100",7,1,1,0.5%,176,10.2%,13.6%,17.0%,8.5%,0.0%,6.8%,12.5%,0.0%,25.6%,0.0%,5.7%,384,14.3%,41.7%,5.2%,0.0%,1.0%,6.5%,22.1%,0.0%,0.0%,0.0%,9.1%,335,56.7%,26.6%,10.1%,6.6%,0.0%,23125,29833,30719,32518,545,161,29.5%,15,17,7,4.1,4.7,0,0,0,1,5,4,1,1120,414,341,241,174,1.6%,95.2%,3.2%,4,52500,3,48000,10,4.1%,2,0.8%,4,76,22.3%,46.9%,46.9%,6.5%,4,1.3,0.1%,3.5,0.0%,71.7%,0.0%,13.5%,0.0%,9.4%,0.0%,41.0%,0.0%,36.1%,6.45,12.06,6.9,0,0,None,166,81.9%,18.1%,0.0%,0.0%,0.0%,0.0%,0.0%,0.0%,0.0%
71,233,42,003,140500,3,420031405003,Block Group 3,G5030,S,172851,0,+40.4523867,-079.9073195,6787.52765,47,7968760,13891.873,48,2130,Point Breeze North,64,183.781,0.286,2,113,11,13891.873348,7968760.14936,,Point Breeze North,11,3518,4120,3552,3135,2705,2513,2304,2054,-11.74%,-13.72%,-7.10%,-8.32%,-10.85%,0.67%,0.3,183,7181.8,8055.9,11.2,12.6,55.36%,3.12%,1.46%,35.10%,4.97%,3.40%,0.67%,9.81%,33.96%,31.17%,14.23%,10.17%,1208,1167,89.0%,11.0%,909,39.5%,60.5%,3,100.0%,0.0%,0.0%,1.6%,5.0%,4.8%,23.4%,65.1%,"$83,200","$105,356","$99,500",-5.6%,"$57,250",24,7,5,0.4%,1028,1.3%,2.9%,3.0%,1.1%,5.6%,4.0%,5.8%,46.0%,17.8%,5.9%,6.5%,1970,4.8%,14.7%,10.2%,1.0%,1.8%,5.6%,7.9%,37.1%,0.5%,2.3%,14.2%,1288,6.8%,35.0%,8.5%,28.3%,21.4%,35417,35041,47048,38195,1652,331,20.0%,84,63,63,4.1,3.1,0,0,4,5,13,10,9,183,703,656,682,66,5.7%,93.3%,1.0%,6,381897,6,181000,51,7.5%,6,0.9%,6,44,6.7%,0.0%,0.0%,0.0%,442,12,6.6%,5.9,0.0%,0.0%,0.0%,60.0%,3.6%,29.9%,0.0%,6.4%,0.0%,0.0%,1.63,6.74,23.6,0,0,None,969,39.9%,16.3%,35.7%,0.0%,0.0%,0.0%,1.5%,1.2%,5.3%
72,240,42,003,980900,1,420039809001,Block Group 1,G5030,S,1453388,854869,+40.4659231,-080.0458881,13293.01044,18,6426350.5,13293.011,19,2101,Marshall-Shadeland,50,148.209,0.231,1,0,2,13293.01044,6426350.59395,,Marshall-Shadeland,2,15944,14183,12038,9013,7550,7903,6951,6043,-25.13%,-16.23%,4.68%,-12.05%,-13.06%,1.98%,1.3,802.6,4819,5543.1,7.5,8.7,43.32%,0.25%,2.95%,51.43%,2.05%,2.90%,4.58%,20.60%,18.71%,40.37%,8.57%,7.17%,2448,2253,81.1%,18.9%,1939,62.0%,38.0%,7,92.0%,8.0%,1.5%,0.0%,0.0%,3.4%,27.7%,67.5%,"$47,100","$59,643","$61,900",3.8%,"$13,500",101,37,37,1.6%,2059,6.4%,5.4%,14.5%,3.5%,1.7%,7.1%,3.3%,31.0%,16.4%,1.9%,8.6%,2784,9.2%,14.7%,5.9%,23.0%,0.1%,0.5%,2.9%,10.2%,1.3%,14.9%,17.2%,3401,24.7%,57.5%,6.1%,8.2%,3.5%,29021,32608,38552,35543,4478,1265,28.2%,222,307,126,3.7,5.1,1,0,26,24,65,21,31,802.6,2700,2452,2456,506,7.2%,88.9%,3.8%,17,427343,6,16920800,190,7.7%,43,1.8%,31,433,17.7%,27.6%,0.0%,33.1%,296,6.6,0.8%,1.1,0.0%,7.8%,10.8%,32.5%,3.1%,44.1%,0.0%,20.3%,0.0%,0.0%,7.06,24.54,19.6,27,1295,None,2006,48.9%,9.3%,34.3%,0.0%,0.0%,0.0%,5.3%,0.5%,1.6%
73,246,42,003,310200,4,420033102004,Block Group 4,G5030,S,1047140,0,+40.3745282,-079.9191876,15834.115284,94,27425090,27507.9,95,2177,Lincoln Place,46,632.497,0.984,4,113,8,27507.900253,27425088.795,,Lincoln Place,8,3249,4187,5434,5300,4619,3841,3671,3227,-2.47%,-12.85%,-16.84%,-4.43%,-12.09%,1.06%,1,629.8,3279.5,3730.7,5.1,5.8,1.49%,0.22%,0.34%,97.03%,0.93%,0.60%,6.14%,13.42%,19.48%,38.48%,13.11%,9.38%,1619,1569,92.7%,7.3%,1586,88.3%,11.7%,15,100.0%,0.0%,1.0%,0.0%,1.8%,16.7%,43.7%,36.8%,"$65,300","$82,689","$77,700",-6.0%,"$55,000",59,18,13,0.8%,1907,7.2%,4.1%,16.6%,4.4%,0.4%,9.4%,12.3%,22.4%,5.5%,7.3%,10.3%,178,0.0%,2.2%,8.4%,2.2%,0.0%,0.0%,0.0%,14.0%,19.7%,16.9%,36.5%,2554,10.3%,66.3%,8.4%,11.4%,3.5%,38889,41188,51660,44895,3584,129,3.6%,32,63,33,1,2,0,0,1,3,11,2,0,629.8,1766,1719,1958,193,2.1%,97.7%,0.2%,14,212305,1,57000,31,1.6%,0,0.0%,4,56,3.3%,5.6%,91.8%,0.1%,263,23.4,3.7%,7.2,6.4%,26.4%,0.0%,80.1%,1.7%,0.0%,0.0%,18.2%,0.0%,0.0%,2.95,21.96,22.3,5,248,None,1881,83.9%,5.0%,8.9%,0.0%,0.0%,0.0%,0.3%,1.0%,0.9%
74,251,42,003,320400,3,420033204003,Block Group 3,G5030,S,196086,0,+40.3911959,-079.9952543,10313.212351,93,23393388,31957.504,94,2176,Overbrook,60,539.515,0.839,4,24,5,31957.503227,23393386.8576,,Overbrook,5,4591,5278,6704,6104,5143,4456,4041,3644,-8.95%,-15.74%,-13.36%,-9.31%,-9.82%,1.19%,0.8,537,4343.3,4816.4,6.8,7.5,3.54%,0.91%,0.27%,93.94%,1.34%,1.10%,4.06%,17.43%,20.60%,36.46%,12.40%,9.04%,1726,1706,92.9%,7.1%,1700,88.2%,11.8%,16,100.0%,0.0%,0.0%,0.0%,0.0%,8.9%,51.6%,39.4%,"$61,850","$78,321","$76,200",-2.7%,"$63,150",64,18,0,0.0%,2050,9.2%,8.1%,5.7%,6.4%,2.2%,7.6%,12.6%,25.5%,6.7%,5.9%,10.0%,843,12.5%,4.7%,23.1%,3.4%,0.5%,1.2%,22.5%,10.7%,7.1%,1.2%,13.0%,2745,6.6%,65.8%,13.6%,11.2%,2.9%,37981,42244,50454,46046,3815,445,11.7%,73,92,98,2,2.5,0,0,4,7,26,14,9,537,2098,1962,1944,347,2.4%,97.1%,0.5%,21,138748,5,64200,79,4.1%,5,0.3%,4,95,4.8%,0.0%,77.5%,3.9%,270,17.2,3.2%,4.7,0.0%,18.3%,0.0%,65.9%,17.0%,1.9%,0.0%,12.7%,2.5%,0.0%,2.66,20.92,24.9,14,820,None,2015,68.1%,13.8%,15.5%,0.0%,0.0%,0.0%,2.6%,0.0%,0.0%
75,286,42,003,130400,3,420031304003,Block Group 3,G5030,S,115917,0,+40.4496890,-079.8859784,6090.014007,44,11104194,16565.754,45,2127,Homewood South,42,256.093,0.398,2,24,11,16565.7535,11104193.7803,,Homewood South,11,13022,12610,22463,8876,6228,4811,3647,2344,-60.49%,-29.83%,-22.75%,-24.19%,-35.73%,0.77%,0.4,254.7,5889.4,9163.3,9.2,14.3,94.71%,0.30%,0.81%,1.96%,2.22%,0.90%,10.12%,12.91%,11.16%,31.93%,18.54%,15.33%,2047,1507,71.6%,28.4%,1087,45.6%,54.4%,7,100.0%,0.0%,0.7%,2.5%,3.0%,10.1%,16.6%,67.1%,"$33,800","$42,801","$48,400",13.1%,"$7,000",107,15,10,0.7%,648,1.4%,4.2%,16.0%,8.3%,0.0%,9.0%,1.9%,43.5%,3.9%,2.3%,9.6%,689,0.6%,7.8%,0.6%,4.4%,4.4%,11.6%,4.4%,37.6%,12.3%,10.7%,5.7%,1537,23.1%,58.4%,7.4%,7.9%,3.2%,16724,20190,22216,22007,2114,675,31.9%,243,274,197,10.4,11.7,4,0,38,25,74,30,50,254.7,1939,1649,1008,791,9.8%,72.5%,17.8%,19,197425,6,366800,266,26.4%,78,7.7%,20,614,37.2%,0.0%,0.0%,0.0%,266,2.9,1.1%,1.2,0.0%,0.0%,0.0%,69.2%,14.2%,13.4%,0.0%,3.2%,0.0%,0.0%,1.76,16.69,41.9,0,0,O,598,45.5%,12.5%,34.1%,0.0%,0.0%,0.0%,4.3%,0.0%,3.5%
76,292,42,003,130200,2,420031302002,Block Group 2,G5030,S,186305,0,+40.4594767,-079.8955903,5810.236224,32,12103512,16962.012,33,2115,Homewood North,41,279.14,0.434,2,57,11,16962.011645,12103511.7943,,Homewood North,11,13599,13316,11775,8645,7057,5331,4522,3280,-26.58%,-18.37%,-24.46%,-15.18%,-27.47%,1.07%,0.4,277.8,7557.6,10419.4,11.8,16.3,93.29%,0.21%,1.59%,2.07%,2.84%,1.90%,8.99%,25.97%,13.95%,34.54%,10.17%,6.39%,2171,1807,71.6%,28.4%,1515,40.7%,59.3%,6,100.0%,0.0%,1.0%,0.0%,2.5%,9.8%,23.3%,63.4%,"$37,900","$47,993","$35,450",-26.1%,"$6,991",51,12,13,0.7%,1200,0.0%,10.2%,20.3%,5.4%,5.7%,7.3%,1.4%,33.3%,9.8%,2.9%,3.8%,2820,3.5%,0.0%,0.7%,1.2%,0.5%,1.4%,0.7%,81.6%,0.7%,6.7%,2.8%,2102,15.8%,68.8%,5.8%,8.8%,0.7%,19229,21158,25543,23062,3570,1988,55.7%,198,190,135,6,5.8,3,3,14,33,68,24,23,277.8,2535,2088,1582,946,1.2%,86.4%,12.3%,15,166517,2,20500,296,18.7%,90,5.7%,20,976,46.7%,0.0%,2.3%,0.0%,316,6.8,2.5%,2.1,0.0%,5.6%,0.0%,89.9%,3.3%,0.0%,0.0%,6.8%,0.0%,0.0%,1.76,16.79,38.7,8,565,None,1174,47.6%,4.0%,35.8%,0.0%,0.0%,0.0%,7.8%,0.0%,4.9%
77,308,42,003,120700,2,420031207002,Block Group 2,G5030,S,200053,0,+40.4569713,-079.9050701,6871.688075,35,5542252.5,10087.878,36,2118,Homewood West,43,127.819,0.199,2,81,11,10087.877313,5542252.62221,,Homewood West,11,4369,4309,3733,2745,1873,1369,1114,818,-26.47%,-31.77%,-26.91%,-18.63%,-26.57%,0.27%,0.2,127.4,4110.6,5598,6.4,8.7,95.60%,0.12%,0.49%,2.32%,1.47%,0.90%,5.45%,24.84%,12.31%,24.95%,20.04%,12.42%,583,532,77.8%,22.2%,444,28.6%,71.4%,4,100.0%,0.0%,20.2%,0.0%,0.0%,12.9%,14.7%,52.1%,"$38,400","$48,626","$34,500",-29.1%,"$6,029",66,6,1,0.2%,285,0.0%,5.3%,11.9%,0.0%,0.0%,8.8%,0.0%,46.3%,5.3%,4.6%,17.9%,379,23.7%,0.0%,4.0%,2.6%,5.3%,0.0%,33.0%,6.6%,11.9%,0.0%,12.9%,608,26.8%,53.6%,11.0%,7.6%,1.0%,20658,14423,27442,15721,918,338,36.8%,56,75,52,6.8,9.2,1,0,8,3,11,13,7,127.4,720,614,400,299,2.4%,85.0%,12.6%,3,10326,2,33797,87,21.8%,6,1.5%,8,212,34.5%,4.0%,0.0%,0.0%,64,0.8,0.6%,0.9,0.0%,5.6%,0.0%,52.2%,6.5%,34.9%,0.0%,6.3%,0.0%,0.0%,1.58,6.43,32.3,0,0,None,285,28.4%,27.7%,30.5%,0.0%,0.0%,0.0%,10.9%,0.0%,2.5%
78,313,42,003,562800,2,420035628002,Block Group 2,G5030,S,653726,0,+40.4269246,-080.0658036,15834.276992,70,7024962,15925.736,71,2153,Oakwood,59,162.015,0.252,5,113,4,15925.736112,7024961.87774,,Oakwood,4,737,775,1469,1882,1195,1108,1028,1027,28.11%,-36.50%,-7.28%,-7.22%,-0.10%,0.34%,0.3,161.3,4075.4,4079.4,6.4,6.4,5.84%,1.07%,0.88%,90.26%,1.95%,1.10%,2.53%,19.08%,17.27%,30.38%,13.74%,17.00%,551,571,95.4%,4.6%,575,43.8%,56.2%,5,100.0%,0.0%,0.0%,3.5%,8.1%,22.6%,38.2%,27.6%,"$74,500","$94,339","$108,500",15.0%,"$105,000",9,0,0,0.0%,418,9.8%,3.8%,9.6%,2.9%,4.5%,4.3%,9.3%,28.5%,10.3%,10.5%,6.5%,414,8.5%,2.4%,2.4%,1.0%,0.0%,4.8%,21.7%,19.3%,16.9%,3.6%,19.3%,764,16.1%,54.3%,11.1%,6.3%,12.2%,29716,34345,39475,37436,1106,137,12.4%,14,14,23,1.4,1.4,0,0,2,1,2,1,2,161.3,435,388,408,67,20.3%,79.2%,0.5%,5,127974,4,205250,5,1.2%,1,0.2%,0,18,4.6%,0.0%,46.6%,0.0%,101,4.9,3.0%,4.8,0.0%,33.8%,0.0%,63.2%,16.7%,0.0%,0.0%,20.0%,0.0%,0.0%,1.77,5.72,22.7,3,57,None,431,78.4%,2.6%,12.3%,0.0%,0.0%,0.0%,4.6%,0.0%,2.1%
79,321,42,003,111500,4,420031115004,Block Group 4,G5030,S,273819,0,+40.4612717,-079.9187769,7027.658693,16,16201454,22746.877,17,2099,East Liberty,29,373.65,0.581,2,25,12,22746.87684,16201453.7079,,East Liberty,12,13754,14954,12005,8647,8741,7973,6871,5869,-27.97%,1.09%,-8.79%,-13.82%,-14.58%,1.92%,0.6,371.8,10101.5,11826.2,15.8,18.5,67.75%,3.24%,0.90%,25.00%,3.12%,2.40%,6.83%,16.89%,26.14%,28.17%,8.97%,13.00%,4062,3519,86.8%,13.2%,3114,21.5%,78.5%,3,94.2%,5.8%,5.2%,6.0%,6.0%,26.2%,13.4%,43.2%,"$51,400","$65,088","$64,650",-0.7%,"$79,250",78,17,10,0.3%,2400,0.5%,8.5%,9.0%,3.3%,1.8%,12.7%,6.5%,40.6%,7.6%,2.2%,7.4%,5553,1.6%,5.1%,10.7%,4.4%,3.1%,7.4%,15.8%,21.8%,10.1%,8.1%,11.9%,4176,15.4%,49.0%,9.1%,16.5%,10.0%,18778,22958,24945,25024,6137,2030,33.1%,488,446,302,8.3,7.6,2,2,63,40,64,59,57,371.8,1548,1340,1178,290,21.2%,74.8%,4.1%,42,922235,34,16982725,77,6.5%,10,0.8%,7,83,6.2%,0.8%,0.0%,0.0%,703,18.8,5.1%,3.2,0.0%,1.0%,0.0%,61.3%,26.4%,3.0%,4.5%,0.4%,1.6%,2.8%,4.59,21.13,36.4,0,0,None,2377,47.9%,10.1%,23.8%,0.0%,0.0%,0.0%,15.9%,0.9%,1.4%
80,325,42,003,562800,1,420035628001,Block Group 1,G5030,S,1122222,0,+40.4202222,-080.0745718,18432.54281,77,12049543,18475.564,78,2160,East Carnegie,27,277.895,0.432,5,94,4,18475.563056,12049542.7323,,East Carnegie,4,1827,1579,1291,992,795,605,485,570,-23.16%,-19.86%,-23.90%,-19.83%,17.53%,0.19%,0.4,276.5,1319.4,1122.7,2.1,1.8,16.14%,0.53%,2.63%,78.42%,2.28%,4.40%,0.00%,20.00%,5.10%,42.35%,12.55%,20.00%,193,251,89.2%,10.8%,114,71.9%,28.1%,30,100.0%,0.0%,0.0%,0.0%,0.0%,0.0%,30.2%,69.8%,"$54,400","$68,887","$63,500",-7.8%,"$48,250",16,1,2,0.8%,109,19.3%,21.1%,0.0%,0.0%,0.0%,0.0%,11.9%,37.6%,0.0%,0.0%,10.1%,554,7.2%,45.1%,7.2%,1.8%,10.8%,9.0%,4.5%,2.7%,3.6%,0.0%,7.9%,204,9.8%,79.9%,4.9%,0.0%,5.4%,26429,40750,35108,44418,255,32,12.5%,9,11,11,1.6,1.9,0,0,0,1,5,0,0,276.5,308,283,350,57,3.1%,96.6%,0.3%,2,9100,0,0,10,2.9%,0,0.0%,0,17,6.0%,0.0%,17.2%,4.2%,11,0.5,0.2%,0.8,0.0%,19.8%,15.8%,36.0%,0.4%,26.2%,0.0%,37.4%,0.0%,0.0%,0.77,5.55,12.9,0,0,None,86,100.0%,0.0%,0.0%,0.0%,0.0%,0.0%,0.0%,0.0%,0.0%
81,326,42,003,310300,1,420033103001,Block Group 1,G5030,S,2048522,0,+40.3879201,-079.9225537,22945.937288,92,22145166,22933.324,93,2175,New Homestead,55,510.728,0.794,4,94,8,22933.32392,22145165.324,,New Homestead,8,689,974,1105,1289,979,1008,937,990,16.65%,-24.05%,2.96%,-7.04%,5.66%,0.32%,0.8,508.2,1246.9,1180.1,1.9,1.8,8.89%,0.51%,0.61%,87.68%,2.32%,1.70%,4.12%,25.15%,16.32%,29.63%,18.53%,6.25%,387,429,93.9%,6.1%,436,90.4%,9.6%,19,100.0%,0.0%,13.1%,3.2%,3.0%,38.1%,18.1%,24.5%,"$90,900","$115,107","$117,400",2.0%,"$100,000",11,3,3,0.7%,737,1.9%,3.5%,25.0%,11.4%,0.0%,5.6%,5.8%,22.9%,1.9%,8.0%,14.0%,12,33.3%,0.0%,0.0%,0.0%,0.0%,0.0%,33.3%,33.3%,0.0%,0.0%,0.0%,923,10.1%,63.1%,10.9%,13.0%,2.9%,42019,83167,55818,90652,1360,115,8.5%,7,4,9,0.7,0.4,0,0,0,0,1,2,1,508.2,1095,757,461,651,13.5%,85.8%,0.7%,5,301600,1,0,7,1.5%,0,0.0%,0,87,11.5%,30.9%,58.9%,0.0%,215,2.1,0.4%,2.1,0.0%,62.0%,0.0%,67.0%,0.0%,0.3%,0.0%,32.8%,0.0%,0.0%,0.62,12.11,15.2,0,0,None,737,88.9%,3.7%,1.9%,0.0%,0.0%,0.0%,1.8%,0.0%,3.8%
82,338,42,003,050600,3,420030506003,Block Group 3,G5030,S,287852,0,+40.4507230,-079.9591365,9240.995102,43,8722606,11867.512,44,2126,Upper Hill,85,201.167,0.313,3,19,15,11867.512384,8722605.95883,,Upper Hill,15,6071,5884,5216,4187,3190,2590,2246,2057,-19.73%,-23.81%,-18.81%,-13.28%,-8.41%,0.67%,0.3,200.3,6571.9,7175.7,10.3,11.2,77.44%,1.02%,0.97%,18.47%,2.09%,1.40%,5.17%,16.40%,12.78%,40.02%,14.56%,11.06%,1171,1240,81.9%,18.1%,924,75.4%,24.6%,10,100.0%,0.0%,0.9%,0.7%,3.1%,7.8%,13.9%,73.6%,"$39,400","$49,892","$66,300",32.9%,"$8,003",52,9,11,0.9%,681,1.8%,1.9%,7.6%,2.8%,4.3%,4.1%,11.3%,46.1%,7.6%,7.8%,4.7%,297,1.3%,47.1%,0.0%,0.0%,0.0%,1.3%,5.1%,26.9%,8.4%,0.0%,9.8%,1299,10.2%,55.4%,10.8%,12.7%,11.0%,28274,32000,37559,34880,1799,421,23.4%,45,79,43,2.2,3.8,2,3,6,8,5,6,9,200.3,1344,1192,869,397,5.0%,85.3%,9.7%,9,173724,2,445500,112,12.9%,16,1.8%,18,268,22.5%,38.5%,83.4%,0.0%,235,12.8,6.4%,6.2,0.0%,9.2%,0.0%,76.4%,3.1%,1.9%,0.0%,18.5%,0.2%,0.0%,0.77,9.57,30.6,15,695,None,633,49.0%,13.1%,31.3%,0.0%,0.0%,0.0%,4.3%,2.4%,0.0%
83,348,42,003,050100,3,420030501003,Block Group 3,G5030,S,308316,0,+40.4459724,-079.9776953,7994.231364,52,8503223,14505.091,53,2135,Middle Hill,51,196.108,0.305,3,25,15,14505.091583,8503222.96244,,Middle Hill,15,17029,14929,11849,7681,4262,2829,2143,1707,-35.18%,-44.51%,-33.62%,-24.25%,-20.35%,0.56%,0.3,195.2,5596.7,7026.2,8.7,11,94.32%,0.12%,0.18%,3.81%,1.58%,0.90%,4.38%,15.03%,13.33%,36.70%,22.34%,8.22%,1334,1120,82.1%,17.9%,967,44.3%,55.7%,4,100.0%,0.0%,16.5%,0.0%,4.5%,9.1%,7.8%,62.1%,"$30,200","$38,242","$72,800",90.4%,"$4,317",152,4,5,0.4%,608,0.0%,3.0%,0.5%,0.0%,4.1%,9.9%,8.4%,50.8%,3.9%,1.5%,17.9%,475,0.0%,0.0%,7.4%,0.0%,0.0%,7.4%,9.5%,40.0%,10.5%,5.3%,20.0%,1252,9.9%,69.5%,7.9%,6.7%,6.0%,21633,22957,28737,25023,1623,429,26.4%,114,234,126,6.7,13.7,0,0,16,10,17,25,102,195.2,1964,1330,587,1154,9.3%,67.0%,23.7%,19,891120,7,8126800,88,15.0%,34,5.8%,29,392,29.5%,0.0%,44.6%,0.0%,221,1.7,0.9%,1,0.0%,1.5%,0.0%,79.5%,20.4%,0.0%,0.1%,0.0%,0.0%,0.0%,0.94,13.26,43.5,9,441,None,606,40.8%,6.8%,48.3%,0.0%,0.0%,0.0%,4.1%,0.0%,0.0%
84,358,42,003,562500,1,420035625001,Block Group 1,G5030,S,602805,225010,+40.4627464,-080.0508428,25245.489998,24,6409852.5,25268.232,25,2107,Esplen,31,147.829,0.23,5,81,4,25268.23256,6409852.2469,,Esplen,4,1708,1624,1325,1073,782,599,495,301,-19.02%,-27.12%,-23.40%,-17.36%,-39.19%,0.10%,0.2,147.2,1308.7,2152.2,2,3.4,29.90%,0.66%,2.33%,65.12%,1.99%,1.30%,14.89%,15.65%,7.25%,47.33%,14.89%,0.00%,231,166,78.9%,21.1%,137,62.8%,37.2%,7,100.0%,0.0%,0.0%,0.0%,4.0%,3.3%,9.1%,83.6%,"$31,000","$39,255","$51,400",30.9%,"$7,750",4,6,0,0.0%,80,0.0%,0.0%,22.5%,0.0%,0.0%,0.0%,12.5%,37.5%,15.0%,0.0%,12.5%,129,7.8%,15.5%,15.5%,0.0%,0.0%,0.0%,0.0%,11.6%,0.0%,15.5%,34.1%,174,34.5%,54.0%,5.2%,0.0%,6.3%,28000,13618,37195,14844,262,159,60.7%,31,68,17,10.3,22.6,0,0,5,3,10,6,11,147.2,386,340,216,185,0.9%,91.9%,7.2%,4,7004,3,784230,15,6.9%,4,1.9%,2,93,27.4%,0.2%,0.0%,28.3%,8,0.2,0.1%,0.6,0.0%,7.9%,0.0%,15.9%,0.0%,80.4%,0.0%,3.8%,0.0%,0.0%,1.42,4.3,18.7,2,54,None,68,39.7%,44.1%,16.2%,0.0%,0.0%,0.0%,0.0%,0.0%,0.0%
85,340,42,003,563000,1,420035630001,Block Group 1,G5030,S,2520263,0,+40.4507815,-080.0847808,26392.725649,36,27002274,26410.738,37,2119,Fairywood,32,622.746,0.969,5,21,4,26410.738324,27002274.2666,,Fairywood,4,1324,4491,3819,3240,3008,2951,1099,1002,-15.16%,-7.16%,-1.89%,-62.76%,-8.83%,0.33%,1,620.2,1034.1,1134.2,1.6,1.8,28.34%,1.80%,2.10%,62.87%,4.89%,4.80%,12.25%,23.75%,20.25%,25.00%,18.75%,0.00%,644,540,86.1%,13.9%,153,46.4%,53.6%,3,100.0%,0.0%,0.0%,7.4%,3.3%,32.6%,32.2%,24.4%,"$47,000","$59,516","$72,800",22.3%,"$319,980",8,1,1,0.2%,117,11.1%,0.0%,0.0%,0.0%,23.9%,0.0%,24.8%,27.4%,6.8%,0.0%,6.0%,1249,2.0%,1.2%,17.6%,30.0%,0.0%,1.2%,0.3%,2.0%,0.8%,0.0%,44.8%,233,14.6%,51.5%,17.6%,16.3%,0.0%,11222,34438,14907,37537,400,150,37.5%,3,6,9,0.3,0.6,0,0,0,0,1,0,0,620.2,284,195,269,95,n/a,n/a,n/a,1,1000,3,274000,10,3.7%,0,0.0%,1,50,25.6%,6.3%,0.0%,11.9%,6,7.4,1.2%,7.3,0.0%,24.7%,0.0%,20.2%,4.2%,59.1%,0.0%,16.6%,0.0%,0.0%,1.4,9.11,9.4,0,0,None,116,42.2%,14.7%,6.0%,0.0%,11.2%,0.0%,0.0%,0.0%,25.9%
86,265,42,003,563000,4,420035630004,Block Group 4,G5030,S,342793,0,+40.4578183,-080.0705756,9978.225923,29,3683600.5,9983.549,30,2112,Chartiers City,21,84.954,0.132,5,21,4,9983.549788,3683600.39436,,Chartiers City,4,935,1049,1014,1156,772,569,595,477,14.00%,-33.22%,-26.30%,4.57%,-19.83%,0.16%,0.1,84.5,3613.6,4507.6,5.6,7,68.13%,0.00%,0.63%,29.77%,1.47%,0.40%,0.00%,8.37%,12.68%,33.97%,28.47%,16.51%,238,236,90.3%,9.7%,193,90.2%,9.8%,32,100.0%,0.0%,0.0%,0.0%,0.0%,26.9%,34.5%,38.7%,"$63,200","$80,030","$76,700",-4.2%,"$70,900",5,7,4,1.7%,188,7.4%,5.3%,12.8%,6.9%,0.0%,10.6%,0.0%,38.8%,6.9%,5.9%,5.3%,74,0.0%,27.0%,13.5%,13.5%,0.0%,0.0%,5.4%,27.0%,0.0%,0.0%,13.5%,330,15.8%,47.0%,19.7%,10.6%,7.0%,31806,40125,42251,43736,418,22,5.3%,9,20,15,1.9,4.2,0,0,0,4,2,2,3,84.5,332,298,270,87,7.8%,89.6%,2.6%,1,11000,0,0,11,4.1%,1,0.4%,0,37,12.4%,15.6%,0.0%,2.5%,46,0.2,0.2%,0.4,0.0%,17.5%,0.0%,73.0%,0.0%,4.7%,0.0%,22.2%,0.0%,0.0%,0.35,4.32,32.8,1,81,None,178,77.5%,7.9%,14.6%,0.0%,0.0%,0.0%,0.0%,0.0%,0.0%
87,298,42,003,563100,3,420035631003,Block Group 3,G5030,S,928505,0,+40.4270691,-080.0344802,16308.779748,69,10278895,16268.131,70,2152,Ridgemont,67,237.059,0.369,5,24,4,16268.13089,10278895.2296,,Ridgemont,4,884,989,1059,1281,712,590,530,483,20.96%,-44.42%,-17.13%,-10.17%,-8.87%,0.16%,0.4,236.2,1308.9,1436.3,2,2.2,6.42%,1.24%,0.83%,91.51%,0.00%,1.40%,0.00%,4.52%,25.16%,42.80%,9.25%,18.28%,233,218,95.9%,4.1%,257,76.3%,23.7%,13,100.0%,0.0%,0.0%,0.0%,0.0%,10.8%,74.4%,14.8%,"$70,300","$89,021","$90,500",1.7%,"$52,000",9,5,0,0.0%,276,0.0%,49.6%,4.0%,4.0%,0.0%,12.3%,3.6%,18.5%,0.0%,4.0%,4.0%,30,0.0%,0.0%,0.0%,0.0%,0.0%,0.0%,0.0%,0.0%,0.0%,0.0%,100.0%,444,9.7%,67.3%,5.2%,15.3%,2.5%,32292,56250,42897,61313,465,39,8.4%,14,15,7,2.9,3.1,0,0,0,1,3,0,2,236.2,387,323,260,142,9.8%,90.2%,0.0%,3,19830,0,0,9,3.5%,0,0.0%,3,31,9.6%,29.7%,70.6%,0.0%,63,0,0.0%,0,0.0%,38.6%,0.0%,46.2%,0.0%,0.0%,0.0%,37.0%,0.0%,16.7%,3.31,6.77,18.4,2,76,None,276,80.4%,4.7%,0.0%,0.0%,0.0%,0.0%,14.9%,0.0%,0.0%
88,32,42,003,562600,1,420035626001,Block Group 1,G5030,S,512433,0,+40.4408830,-080.0357065,18778.99128,59,5579501,18776.656,60,2142,West End,87,128.679,0.2,5,81,4,18776.656622,5579501.1068,,West End,4,1984,1820,1702,920,604,441,466,254,-45.95%,-34.35%,-26.99%,5.67%,-45.49%,0.08%,0.2,128,1270,2330,2,3.6,37.40%,0.79%,1.18%,53.15%,7.48%,0.40%,0.00%,25.86%,29.31%,8.62%,26.72%,9.48%,211,165,74.5%,25.5%,62,33.9%,66.1%,4,100.0%,0.0%,0.0%,0.0%,0.0%,9.5%,17.2%,73.3%,"$26,800","$33,937","$29,800",-12.2%,"$14,383",10,2,8,4.8%,64,0.0%,17.2%,0.0%,0.0%,0.0%,17.2%,18.8%,29.7%,17.2%,0.0%,0.0%,900,16.7%,19.4%,14.4%,0.0%,2.8%,6.1%,10.6%,2.2%,7.2%,10.6%,10.0%,86,12.8%,36.0%,24.4%,26.7%,0.0%,21382,41250,28404,44963,116,0,0.0%,23,54,66,9.1,21.3,0,1,2,3,7,3,30,128,384,295,186,156,1.0%,92.2%,6.8%,4,14754,0,0,10,5.4%,1,0.5%,3,40,13.6%,16.8%,0.0%,25.4%,108,7.8,6.1%,30.7,0.4%,13.2%,0.0%,0.8%,29.2%,16.3%,0.0%,8.2%,45.5%,0.0%,4.17,7.04,35.2,5,311,None,64,48.4%,17.2%,15.6%,0.0%,18.8%,0.0%,0.0%,0.0%,0.0%
89,57,42,003,250700,1,420032507001,Block Group 1,G5030,S,560320,0,+40.4599421,-080.0218657,11709.518814,28,6050988,11711.301,29,2111,California-Kirkbride,15,139.552,0.217,1,25,3,11711.301248,6050987.83948,,California-Kirkbride,3,5893,5428,4235,3007,1800,1156,973,761,-29.00%,-40.14%,-35.78%,-15.83%,-21.79%,0.25%,0.2,138.9,3506.9,4483.9,5.5,7,75.95%,0.00%,0.92%,18.79%,4.34%,0.70%,18.04%,36.50%,10.22%,30.55%,4.69%,0.00%,450,393,79.4%,20.6%,268,44.0%,56.0%,5,95.1%,4.9%,5.6%,8.3%,0.0%,6.5%,19.5%,60.2%,"$32,000","$40,522","$113,200",179.4%,"$9,600",38,4,2,0.5%,227,0.0%,22.5%,4.4%,0.0%,17.6%,7.5%,5.7%,42.3%,0.0%,0.0%,0.0%,2504,0.0%,1.8%,2.6%,80.1%,0.6%,1.8%,0.6%,2.8%,0.6%,6.8%,2.4%,416,8.9%,72.4%,2.4%,16.3%,0.0%,23750,26351,31550,28723,912,572,62.7%,64,89,74,8.4,11.7,1,0,1,6,12,9,48,138.9,863,585,288,477,2.9%,71.9%,25.2%,14,370719,4,627500,64,22.2%,32,11.1%,12,197,33.7%,19.6%,0.0%,0.0%,116,0.1,0.1%,0.2,0.0%,3.9%,15.0%,29.9%,1.5%,36.2%,0.0%,32.4%,0.0%,0.0%,1.58,6.38,29.4,9,748,None,227,45.4%,0.0%,41.0%,0.0%,0.0%,0.0%,13.7%,0.0%,0.0%
90,96,42,003,562300,2,420035623002,Block Group 2,G5030,S,1197940,275741,+40.4050484,-079.9308344,18931.493955,89,12713036,18931.703,90,2172,Glen Hazel,36,293.197,0.456,3,6,9,18931.702384,12713035.8578,,Glen Hazel,9,3915,5575,4135,1523,607,793,805,716,-63.17%,-60.14%,30.64%,1.51%,-11.06%,0.23%,0.5,291.8,1570.2,1765.4,2.5,2.8,68.16%,0.00%,1.26%,29.05%,1.54%,1.00%,6.09%,20.00%,7.81%,24.37%,12.19%,29.54%,287,249,94.8%,5.2%,266,8.3%,91.7%,5,69.7%,30.3%,0.0%,4.9%,16.1%,31.8%,25.2%,22.0%,N/A,N/A,N/A,N/A,"$50,000",4,0,1,0.4%,89,0.0%,0.0%,0.0%,27.0%,0.0%,25.8%,38.2%,9.0%,0.0%,0.0%,0.0%,370,9.5%,0.0%,0.0%,0.0%,0.0%,6.8%,0.0%,75.7%,0.0%,8.1%,0.0%,558,41.0%,34.1%,15.6%,9.3%,0.0%,9315,12833,12374,13988,526,200,38.0%,10,33,16,1.4,4.6,0,1,2,2,3,1,2,291.8,69,35,65,8,n/a,n/a,n/a,0,0,0,0,0,0.0%,0,0.0%,0,6,17.1%,58.8%,22.9%,1.7%,0,0.1,0.0%,0.2,15.9%,64.6%,0.0%,19.2%,0.0%,11.3%,0.0%,67.2%,0.0%,2.3%,0.15,2.57,5.6,1,108,None,89,64.0%,0.0%,36.0%,0.0%,0.0%,0.0%,0.0%,0.0%,0.0%
