X,Y,OBJECTID,PIN,MAPBLOCKLOT,MUNICODE,TAXYR,NAME,CARD,LLINE,CODE,DESCRIB,AREA,UNITS,YRBLT,EFFYR,ADJRCNLD,ORIG_FID,OWNER_NAME,CreationDate,Creator,EditDate,Editor
-80.112929259460884,40.45285403590664,1,0152A00174000000,152-A-174,939,2016,Robinson,1,2,M20,CELL - MONOPOLE 100-149 - AVG,100,1,1990,,68200,1,CROWN ATLANTIC COMPANY LLC,2015-11-24T16:08:55.760Z,GISHelp,2015-11-24T16:08:55.760Z,GISHelp
-79.833471427870151,40.358729017365519,3,0379M00020000000,379-M-20,408,2016,8th Ward  - McKEESPORT,1,3,M21,CELL - MONOPOLE 100-149 - GOOD,100,1,2000,,99000,3,GLOBAL SIGNAL ACQUISITIONS IV LLC,2015-11-24T16:08:55.760Z,GISHelp,2015-11-24T16:08:55.760Z,GISHelp
-80.176245835751587,40.596659162421666,5,1063B00145000100,1063-B-145-1,883,2016,Bell Acres,1,6,M26,CELL - MONOPOLE 150-199 - GOOD,169,1,1997,,146900,5,CROWN ATLANTIC COMPANY LLC,2015-11-24T16:08:55.760Z,GISHelp,2015-11-24T16:08:55.760Z,GISHelp
-79.879922092896223,40.487739138313401,6,0228E00168000000,228-E-168,931,2016,O''Hara,1,7,S21,CELL - SELF SPRT 100-149 - GD,136,1,2005,,94600,6,LASER WASH GROUP LLC,2015-11-24T16:08:55.760Z,GISHelp,2015-11-24T16:08:55.760Z,GISHelp
-79.911298469714708,40.458886063604879,7,0125F00047000000,125-F-47,112,2016,12th Ward - PITTSBURGH,1,6,M36,CELL - MONOPOLE 225-249 - GOOD,225,1,1998,,198000,7,CROWN ATLANTIC COMPANY LLC,2015-11-24T16:08:55.760Z,GISHelp,2015-11-24T16:08:55.760Z,GISHelp
-79.90974473027299,40.419284228790168,8,0129F00001000000,129-F-1,114,2016,14th Ward - PITTSBURGH,1,2,G30,CELL - GUYED 30 INCH BASE - AV,300,1,1980,,38500,8,URBAN REDEVELOPMENT AUTH OF PITTSBURGH,2015-11-24T16:08:55.760Z,GISHelp,2015-11-24T16:08:55.760Z,GISHelp
-79.932149485193804,40.411553917190432,9,0089A00130000000,89-A-130,115,2016,15th Ward - PITTSBURGH,1,1,S30,CELL - SELF SPRT 200-224 - AVG,200,1,2000,,127800,9,CITY OF PITTSBURGH,2015-11-24T16:08:55.760Z,GISHelp,2015-11-24T16:08:55.760Z,GISHelp
-79.931405764908902,40.411457409738652,10,0089A00141000000,89-A-141,115,2016,15th Ward - PITTSBURGH,1,1,S30,CELL - SELF SPRT 200-224 - AVG,200,1,2000,,127800,10,CALVARY COMMUNICATIONS INC,2015-11-24T16:08:55.760Z,GISHelp,2015-11-24T16:08:55.760Z,GISHelp
-80.081368926383448,40.479706696131522,11,0073A00114000000,73-A-114,949,2016,Stowe,1,1,S20,CELL - SELF SPRT 100-149 - AVG,125,1,1950,,37000,11,CTI TOWERS ASSETS I LLC,2015-11-24T16:08:55.760Z,GISHelp,2015-11-24T16:08:55.760Z,GISHelp
-79.919505727597908,40.393704922493072,12,0091D00082000000,91-D-82,131,2016,31st Ward - PITTSBURGH,1,3,M26,CELL - MONOPOLE 150-199 - GOOD,165,1,1990,,125200,12,CROWN ATLANTIC COMPANY LLC,2015-11-24T16:08:55.760Z,GISHelp,2015-11-24T16:08:55.760Z,GISHelp
-80.041996138526301,40.339380483125545,13,0393K00140000000,393-K-140,876,2016,Bethel Park,1,5,M20,CELL - MONOPOLE 100-149 - AVG,112,1,1995,,87500,13,CROWN ATLANTIC COMPANY LLC,2015-11-24T16:08:55.760Z,GISHelp,2015-11-24T16:08:55.760Z,GISHelp
-80.084347385102475,40.349714069018908,14,0321M00140000000,321-M-140,950,2016,Upper St. Clair,1,1,M10,CELL - MONOPOLE 50-74 - AVG,80,1,2005,,77400,14,WARD T A,2015-11-24T16:08:55.760Z,GISHelp,2015-11-24T16:08:55.760Z,GISHelp
-80.006301773969213,40.413611475369457,15,0034C00174000000,34-C-174,118,2016,18th Ward - PITTSBURGH,1,7,M26,CELL - MONOPOLE 150-199 - GOOD,165,1,2000,,136100,15,CROWN ATLANTIC COMPANY LLC,2015-11-24T16:08:55.760Z,GISHelp,2015-11-24T16:08:55.760Z,GISHelp
-80.038140943681071,40.415408998688655,16,0017R00092000000,17-R-92,120,2016,20th Ward - PITTSBURGH,1,8,S40,CELL - SELF SPRT 250-299 - AVG,270,1,1982,,284300,16,CROWN COMMUNICATIONS INC,2015-11-24T16:08:55.760Z,GISHelp,2015-11-24T16:08:55.760Z,GISHelp
-80.048052939613498,40.456186994219841,17,0021J00112000000,21-J-112,120,2016,20th Ward - PITTSBURGH,1,6,M26,CELL - MONOPOLE 150-199 - GOOD,160,1,1990,,121400,17,CROWN ATLANTIC COMPANY LLC,2015-11-24T16:08:55.760Z,GISHelp,2015-11-24T16:08:55.760Z,GISHelp
-79.973044765873965,40.417226763215673,18,0013L00228000000,13-L-228,116,2016,16th Ward - PITTSBURGH,1,1,S10,CELL - SELF SPRT 50-74 - AVG,15,3,2008,,46200,18,PUDUP DAVID C,2015-11-24T16:08:55.760Z,GISHelp,2015-11-24T16:08:55.760Z,GISHelp
-79.954728872563237,40.561755787030357,19,0719R00001000000,719-R-1,914,2016,Hampton,1,11,M21,CELL - MONOPOLE 100-149 - GOOD,148,1,2001,,143300,19,WESTINGHOUSE RADIO STATIONS INC,2015-11-24T16:08:55.760Z,GISHelp,2015-11-24T16:08:55.760Z,GISHelp
-80.010815534501234,40.523270657411267,20,0352P00045000000,352-P-45,940,2016,Ross,1,8,S51,CELL - SELF SPRT 350-399 - GD,357,1,1998,,292000,20,CALVARY INC,2015-11-24T16:08:55.760Z,GISHelp,2015-11-24T16:08:55.760Z,GISHelp
-80.021172341874191,40.350505485757665,21,0317L00300000000,317-L-300,876,2016,Bethel Park,1,5,S41,CELL - SELF SPRT 250-299 - GD,270,1,1990,,198000,21,MANUFACTURERS LIGHT & HEAT COMPANY,2015-11-24T16:08:55.760Z,GISHelp,2015-11-24T16:08:55.760Z,GISHelp
-80.02005937966733,40.494288964461866,22,0162M00122000000,162-M-122,126,2016,26th Ward - PITTSBURGH,1,3,S46,CELL - SELF SPRT 300-349 - GD,314,1,2003,,276300,22,CROWN COMMUNICATIONS INC,2015-11-24T16:08:55.760Z,GISHelp,2015-11-24T16:08:55.760Z,GISHelp
-80.073084716206722,40.336411517215176,23,0478C00210000000,478-C-210,950,2016,Upper St. Clair,1,24,M20,CELL - MONOPOLE 100-149 - AVG,115,2,2000,,187200,23,SCHOOL DISTRICT OF TWP OF UPPER ST CLAIR,2015-11-24T16:08:55.760Z,GISHelp,2015-11-24T16:08:55.760Z,GISHelp
-79.755348625150688,40.530099314894464,24,0847C00048000000,847-C-48,880,2016,Plum,1,1,S20,CELL - SELF SPRT 100-149 - AVG,110,1,1990,,51700,24,CROWN COMMUNICATIONS INC,2015-11-24T16:08:55.760Z,GISHelp,2015-11-24T16:08:55.760Z,GISHelp
-79.988705493905428,40.542145086058341,25,0519R0017000T100,519-R-170-T1,940,2016,Ross,1,1,S41,CELL - SELF SPRT 250-299 - GD,282,1,1969,"2,000",167000,25,AT&T WIRELESS,2015-11-24T16:08:55.760Z,GISHelp,2015-11-24T16:08:55.760Z,GISHelp
-79.864061407617584,40.242591924600909,26,1572F0019100T200,1572-F-191-T2,908,2016,Elizabeth Boro,1,7,S40,CELL - SELF SPRT 250-299 - AVG,250,1,1995,,181000,26,CROWN CASTLE INTERNATIONAL,2015-11-24T16:08:55.760Z,GISHelp,2015-11-24T16:08:55.760Z,GISHelp
-79.864314115657137,40.242427681160116,27,1572F0019100T100,1572-F-191-T1,908,2016,Elizabeth Twp,1,1,M20,CELL - MONOPOLE 100-149 - AVG,100,1,1995,"1,995",78100,27,CROWN CASTLE INTERNATIONAL,2015-11-24T16:08:55.760Z,GISHelp,2015-11-24T16:08:55.760Z,GISHelp
-79.723758892662076,40.472639146948737,28,1103C00116000000,1103-C-116,880,2016,Plum,1,4,S25,CELL - SELF SPRT 150-199 - AVG,180,1,1976,"1,976",84600,28,DUQUESNE LIGHT COMPANY,2015-11-24T16:08:55.760Z,GISHelp,2015-11-24T16:08:55.760Z,GISHelp
-79.988008030715449,40.277425973845787,29,1139C00010000000,1139-C-10,945,2016,South Park,1,1,M20,CELL - MONOPOLE 100-149 - AVG,120,1,2005,,118800,29,ARNONI COMPANY M C,2015-11-24T16:08:55.760Z,GISHelp,2015-11-24T16:08:55.760Z,GISHelp
-80.110334149965439,40.579740491671743,30,0940R00284000001,940-R-284-0-1,884,2016,Franklin Park,1,8,M26,CELL - MONOPOLE 150-199 - GOOD,150,1,1995,,133700,30,CROWN COMMUNICATIONS INC,2015-11-24T16:08:55.760Z,GISHelp,2015-11-24T16:08:55.760Z,GISHelp
-79.785827032908529,40.468055310962022,31,0635H00278000000,635-H-278,934,2016,Penn Hills,1,5,S10,CELL - SELF SPRT 50-74 - AVG,75,1,1990,,35300,31,CENTER VIDEO CORP,2015-11-24T16:08:55.760Z,GISHelp,2015-11-24T16:08:55.760Z,GISHelp
-79.886956173830285,40.372282654625948,33,0183G00390000001,183-G-390-0-1,870,2016,West Mifflin,1,4,S21,CELL - SELF SPRT 100-149 - GD,120,1,1974,,102600,33,AMERICAN TOWERS INC,2015-11-24T16:08:55.760Z,GISHelp,2015-11-24T16:08:55.760Z,GISHelp
-79.829290719552489,40.464116188460849,34,0449N00348000000,449-N-348,934,2016,Penn Hills,1,4,M11,CELL - MONOPOLE 50-74 - GOOD,50,4,2014,,217800,34,TECHNOLOGY PROPERTIES 1 LLC,2015-11-24T16:08:55.760Z,GISHelp,2015-11-24T16:08:55.760Z,GISHelp
-79.953175998906431,40.426937337259623,35,0029M0016000T200,29-M-160-T2,104,2016,4th Ward - PITTSBURGH,1,5,M16,CELL - MONOPOLE 75-99 - GOOD,75,1,1998,"1,998",66000,35,AT&T WIRELESS,2015-11-24T16:08:55.760Z,GISHelp,2015-11-24T16:08:55.760Z,GISHelp
-80.020039295335266,40.425542123439314,36,0005S0025000T100,5-S-250-T1,119,2016,19th Ward - PITTSBURGH,1,5,M21,CELL - MONOPOLE 100-149 - GOOD,100,1,1996,,71500,36,AT&T WIRELESS,2015-11-24T16:08:55.760Z,GISHelp,2015-11-24T16:08:55.760Z,GISHelp
-80.08041270164469,40.441314452339462,37,0069A0011600T100,69-A-116-T1,128,2016,28th Ward - PITTSBURGH,1,6,M20,CELL - MONOPOLE 100-149 - AVG,120,1,1990,,81800,37,CROWN ATLANTIC COMPANY LLC,2015-11-24T16:08:55.760Z,GISHelp,2015-11-24T16:08:55.760Z,GISHelp
-80.006716929094566,40.431133709654247,38,0004C0004200T100,4-C-42-T1,119,2016,19th Ward - PITTSBURGH,1,5,S51,CELL - SELF SPRT 350-399 - GD,390,1,2005,,352700,38,AMERICAN TOWERS INC,2015-11-24T16:08:55.760Z,GISHelp,2015-11-24T16:08:55.760Z,GISHelp
-79.923551765453539,40.392480533812432,39,0091C0031800T100,91-C-318-T1,131,2016,31st Ward - PITTSBURGH,1,4,M25,CELL - MONOPOLE 150-199 - AVG,165,1,1995,,137900,39,PATO ANDREW,2015-11-24T16:08:55.760Z,GISHelp,2015-11-24T16:08:55.760Z,GISHelp
-79.877477944415261,40.321745729533561,40,0557F0001000T100,557-F-10-T1,829,2016,Glassport,1,2,G30,CELL - GUYED 30 INCH BASE - AV,440,1,1997,,112900,40,CROWN COMMUNICATIONS INC,2015-11-24T16:08:55.760Z,GISHelp,2015-11-24T16:08:55.760Z,GISHelp
-79.932665474333263,40.544966596407683,41,0523J0036700T100,523-J-367-T1,917,2016,Indiana,1,5,M26,CELL - MONOPOLE 150-199 - GOOD,160,1,1987,,112600,41,AT&T WIRELESS,2015-11-24T16:08:55.760Z,GISHelp,2015-11-24T16:08:55.760Z,GISHelp
-79.953345410382127,40.426838150106796,42,0029M0016000T100,29-M-160-T1,104,2016,4th Ward - PITTSBURGH,1,5,M21,CELL - MONOPOLE 100-149 - GOOD,125,1,1985,,83900,42,CROWN ATLANTIC COMPANY LLC,2015-11-24T16:08:55.760Z,GISHelp,2015-11-24T16:08:55.760Z,GISHelp
-80.065598490899319,40.469521393319482,43,0043E0023100T100,43-E-231-T1,842,2016,McKees Rocks,1,2,M25,CELL - MONOPOLE 150-199 - AVG,180,1,2002,,170300,43,T-MOBILE USA,2015-11-24T16:08:55.760Z,GISHelp,2015-11-24T16:08:55.760Z,GISHelp
-80.09775441179292,40.545912555129021,44,0513E0026000T100,513-E-260-T1,932,2016,Ohio,1,5,M20,CELL - MONOPOLE 100-149 - AVG,100,1,1990,,75900,44,CROWN ATLANTIC COMPANY LLC,2015-11-24T16:08:55.760Z,GISHelp,2015-11-24T16:08:55.760Z,GISHelp
-80.021538347411621,40.325868741643554,45,0475L0030000T100,475-L-300-T1,945,2016,Bethel Park,1,11,S26,CELL - SELF SPRT 150-199 - GD,193,1,1999,,167500,45,CROWN COMMUNICATIONS INC,2015-11-24T16:08:55.760Z,GISHelp,2015-11-24T16:08:55.760Z,GISHelp
-80.107658160105899,40.42709827672126,46,0150F00039000001,150-F-39-0-1,939,2016,Robinson,1,1,M20,CELL - MONOPOLE 100-149 - AVG,130,1,1997,,105800,46,AT&T WIRELESS,2015-11-24T16:08:55.760Z,GISHelp,2015-11-24T16:08:55.760Z,GISHelp
-79.807291609772406,40.576251333131694,47,0839G00332000001,839-G-332-0-1,913,2016,Frazer,1,5,M21,CELL - MONOPOLE 100-149 - GOOD,160,1,1994,,130200,47,BELL ATLANTIC MOBILE SYSTEMS,2015-11-24T16:08:55.760Z,GISHelp,2015-11-24T16:08:55.760Z,GISHelp
-79.824336259593636,40.399624272730811,48,0456G00009000000,456-G-9,930,2016,North Versailles,1,1,M15,CELL - MONOPOLE 75-99 - AVG,75,1,2012,,80900,48,VERIZON WIRELESS,2015-11-24T16:08:55.760Z,GISHelp,2015-11-24T16:08:55.760Z,GISHelp
-80.044481793239981,40.439416770473585,49,0019E0021400T100,19-E-214-T1,120,2016,20th Ward - PITTSBURGH,1,6,S56,CELL - SELF SPRT 400-449 - GD,400,1,1997,,312800,49,CROWN COMMUNICATIONS INC,2015-11-24T16:08:55.760Z,GISHelp,2015-11-24T16:08:55.760Z,GISHelp
-80.101650095113627,40.316754504794076,50,0570A00300000001,570-A-300-0-1,950,2016,Upper St. Clair,1,1,S51,CELL - SELF SPRT 350-399 - GD,350,1,1990,,213900,50,CROWN COMMUNICATIONS INC,2015-11-24T16:08:55.760Z,GISHelp,2015-11-24T16:08:55.760Z,GISHelp
-79.817936664522236,40.461685023234423,51,0450D0028100T100,450-D-281-T1,934,2016,Penn Hills,1,4,M21,CELL - MONOPOLE 100-149 - GOOD,110,1,2005,,113700,51,SPRINT SPECTRUM LP,2015-11-24T16:08:55.760Z,GISHelp,2015-11-24T16:08:55.760Z,GISHelp
-80.108481089678776,40.561557211488136,52,0710R00011000000,710-R-11,932,2016,Ohio,1,6,S26,CELL - SELF SPRT 150-199 - GD,188,1,1996,,111300,52,AMERICAN TOWERS INC,2015-11-24T16:08:55.760Z,GISHelp,2015-11-24T16:08:55.760Z,GISHelp
-79.862551886329513,40.456580187714273,53,0296J00370000000,296-J-370,866,2016,Wilkinsburg,1,5,M20,CELL - MONOPOLE 100-149 - AVG,100,1,2000,,99000,53,GRAHAM ERNEST PAUL SR,2015-11-24T16:08:55.760Z,GISHelp,2015-11-24T16:08:55.760Z,GISHelp
-79.810101095828642,40.329293791587787,54,0552K0012500T100,552-K-125-T1-0,875,2016,White Oak,1,1,M25,CELL - MONOPOLE 150-199 - AVG,167,1,1996,,132300,54,CROWN CASTLE,2015-11-24T16:08:55.760Z,GISHelp,2015-11-24T16:08:55.760Z,GISHelp
-79.85319334056895,40.412977645439419,55,0301D00200000000,301-D-200,872,2016,Braddock Hills,1,1,G30,CELL - GUYED 30 INCH BASE - AV,150,1,1985,,23100,55,C & F PARTNERSHIP,2015-11-24T16:08:55.760Z,GISHelp,2015-11-24T16:08:55.760Z,GISHelp
-80.004167483178364,40.497395800144446,56,0163G00375000000,163-G-375,126,2016,26th Ward - PITTSBURGH,1,5,M31,CELL - MONOPOLE 200-224 - GOOD,200,1,1985,,154000,56,CROWN ATLANTIC COMPANY LLC,2015-11-24T16:08:55.760Z,GISHelp,2015-11-24T16:08:55.760Z,GISHelp
-79.786309381398581,40.468364259528471,57,0635H00291000000,635-H-291,934,2016,Penn Hills,1,6,S10,CELL - SELF SPRT 50-74 - AVG,,1,2013,,0,57,WILKINSBURG PENN JOINT WATER AUTHORITY,2015-11-24T16:08:55.760Z,GISHelp,2015-11-24T16:08:55.760Z,GISHelp
-79.958987677645112,40.396883837934404,58,0058P0010000T100,58-P-100-T1,131,2016,31st Ward - PITTSBURGH,1,1,S46,CELL - SELF SPRT 300-349 - GD,349,1,2001,,226400,58,AMERICAN TOWERS INC,2015-11-24T16:08:55.760Z,GISHelp,2015-11-24T16:08:55.760Z,GISHelp
-80.103129044899262,40.449983248947753,59,0152H00100000100,152-H-100-1,919,2016,Kennedy,1,12,S26,CELL - SELF SPRT 150-199 - GD,188,1,1995,,109600,59,HECKLER FAMILY PARTNERSHIP,2015-11-24T16:08:55.760Z,GISHelp,2015-11-24T16:08:55.760Z,GISHelp
-80.243127789451009,40.509120673136962,60,0806B00096000000,806-B-96,925,2016,Moon,1,9,S21,CELL - SELF SPRT 100-149 - GD,100,1,1991,,63000,60,CROWN COMMUNICATIONS INC,2015-11-24T16:08:55.760Z,GISHelp,2015-11-24T16:08:55.760Z,GISHelp
-79.890713547066298,40.514906223876153,61,0289A0003500T100,289-A-35-T1,868,2016,Fox Chapel,1,10,M21,CELL - MONOPOLE 100-149 - GOOD,100,1,1997,,91300,61,AT&T WIRELESS,2015-11-24T16:08:55.760Z,GISHelp,2015-11-24T16:08:55.760Z,GISHelp
-80.124964529476259,40.481053955766477,62,0209P0023100T100,209-P-231-T1,939,2016,Robinson,1,5,M10,CELL - MONOPOLE 50-74 - AVG,70,1,1998,,65500,62,AT&T WIRELESS,2015-11-24T16:08:55.760Z,GISHelp,2015-11-24T16:08:55.760Z,GISHelp
-80.070118767692392,40.50184729088074,63,0214S0029300T100,214-S-293-T1,802,2016,Avalon,1,3,M21,CELL - MONOPOLE 100-149 - GOOD,130,1,2001,,120100,63,ZAFA TOWERS-P,2015-11-24T16:08:55.760Z,GISHelp,2015-11-24T16:08:55.760Z,GISHelp
-80.14232636503796,40.425483327013524,64,0264K0000100T100,264-K-1-T1,905,2016,Collier,1,4,M21,CELL - MONOPOLE 100-149 - GOOD,120,1,1992,,93700,64,AT&T WIRELESS,2015-11-24T16:08:55.760Z,GISHelp,2015-11-24T16:08:55.760Z,GISHelp
-80.115956958060153,40.351489302375988,65,0322E0000600T100,322-E-6-T1,946,2016,South Fayette,1,4,S21,CELL - SELF SPRT 100-149 - GD,135,1,1985,,91400,65,T-MOBILE USA,2015-11-24T16:08:55.760Z,GISHelp,2015-11-24T16:08:55.760Z,GISHelp
-79.982666871727346,40.517102051676133,66,0283E0002000T102,283-E-20-T1-2,944,2016,Shaler,1,5,M26,CELL - MONOPOLE 150-199 - GOOD,165,1,1998,,150600,66,AT&T WIRELESS,2015-11-24T16:08:55.760Z,GISHelp,2015-11-24T16:08:55.760Z,GISHelp
-79.949388925674185,40.513786896337848,67,0284M0013000T100,284-M-130-T1,944,2016,Shaler,1,5,M36,CELL - MONOPOLE 225-249 - GOOD,225,1,2001,,217800,67,T-MOBILE USA,2015-11-24T16:08:55.760Z,GISHelp,2015-11-24T16:08:55.760Z,GISHelp
-80.033919352348789,40.513562666635224,68,0279S0011500T100,279-S-115-T1,940,2016,Ross,1,5,M21,CELL - MONOPOLE 100-149 - GOOD,125,1,2001,,126500,68,CROWN ATLANTIC COMPANY LLC,2015-11-24T16:08:55.760Z,GISHelp,2015-11-24T16:08:55.760Z,GISHelp
-79.992255683621678,40.502263678879018,69,0219P0017500T100,219-P-175-T1,940,2016,Ross,1,5,M26,CELL - MONOPOLE 150-199 - GOOD,165,1,2000,,150600,69,SBA COMMUNICATIONS CORPORATION,2015-11-24T16:08:55.760Z,GISHelp,2015-11-24T16:08:55.760Z,GISHelp
-79.867015814349386,40.460218828206813,70,0231D0012600T100,231-D-126-T1,934,2016,Penn Hills,1,6,M21,CELL - MONOPOLE 100-149 - GOOD,140,1,2000,,130900,70,SBA COMMUNICATIONS CORPORATION,2015-11-24T16:08:55.760Z,GISHelp,2015-11-24T16:08:55.760Z,GISHelp
-80.066415144179501,40.362281253563516,71,0253H0017700T100,253-H-177-T1,950,2016,Upper St. Clair,1,2,M10,CELL - MONOPOLE 50-74 - AVG,50,1,1989,,36900,71,T-MOBILE USA,2015-11-24T16:08:55.760Z,GISHelp,2015-11-24T16:08:55.760Z,GISHelp
-80.005013010521253,40.514008898255305,72,0281L0004100T100,281-L-41-T1,940,2016,Ross,1,3,M21,CELL - MONOPOLE 100-149 - GOOD,100,1,1991,,70400,72,AT&T WIRELESS,2015-11-24T16:08:55.760Z,GISHelp,2015-11-24T16:08:55.760Z,GISHelp
-79.851116121035645,40.445925253831106,73,0297M0019500T100,297-M-195-T1,816,2016,Churchill,1,5,M21,CELL - MONOPOLE 100-149 - GOOD,100,1,2002,,101200,73,AT&T WIRELESS,2015-11-24T16:08:55.760Z,GISHelp,2015-11-24T16:08:55.760Z,GISHelp
-80.127078838147511,40.351691628098628,74,0323F0000400T100,323-F-4-T1,946,2016,South Fayette,1,5,S30,CELL - SELF SPRT 200-224 - AVG,220,1,1994,,182000,74,VERIZON WIRELESS,2015-11-24T16:08:55.760Z,GISHelp,2015-11-24T16:08:55.760Z,GISHelp
-80.118973550295337,40.496741247510293,75,0210M0009600T100,210-M-96-T1,919,2016,Kennedy,1,6,S46,CELL - SELF SPRT 300-349 - GD,324,1,1998,,257400,75,CROWN COMMUNICATIONS INC,2015-11-24T16:08:55.760Z,GISHelp,2015-11-24T16:08:55.760Z,GISHelp
-80.142883261793955,40.482042488088624,76,0270P0028600T200,270-P-286-T2,939,2016,Robinson,1,5,S26,CELL - SELF SPRT 150-199 - GD,180,1,1992,,132000,76,CROWN COMMUNICATIONS INC,2015-11-24T16:08:55.760Z,GISHelp,2015-11-24T16:08:55.760Z,GISHelp
-80.070751019400291,40.644514582221817,77,1824C0000200T100,1824-C-2-T1,923,2016,Marshall,1,5,M15,CELL - MONOPOLE 75-99 - AVG,80,1,1998,,66900,77,WATT MATTHEW C,2015-11-24T16:08:55.760Z,GISHelp,2015-11-24T16:08:55.760Z,GISHelp
-79.897354660256809,40.396358797800417,78,0131M0017500T100,131-M-175-T1,840,2016,Munhall,1,4,M26,CELL - MONOPOLE 150-199 - GOOD,150,1,1998,,140300,78,SBA COMMUNICATIONS CORPORATION,2015-11-24T16:08:55.760Z,GISHelp,2015-11-24T16:08:55.760Z,GISHelp
-80.098998773981108,40.453178811726673,79,0152D0002700T100,152-D-27-T1,919,2016,Kennedy,1,6,S26,CELL - SELF SPRT 150-199 - GD,180,1,1995,,136400,79,NCWPCS MPL 20 YEAR SITES TOWER,2015-11-24T16:08:55.760Z,GISHelp,2015-11-24T16:08:55.760Z,GISHelp
-80.114949029460533,40.449351945014527,80,0152E0023200T100,152-E-232-T1,939,2016,Robinson,1,5,M21,CELL - MONOPOLE 100-149 - GOOD,119,1,2000,,113900,80,AMERICAN TOWERS INC,2015-11-24T16:08:55.760Z,GISHelp,2015-11-24T16:08:55.760Z,GISHelp
-79.948479222925698,40.496902133177421,81,0167E0023400T100,167-E-234-T1,827,2016,Etna,1,6,S30,CELL - SELF SPRT 200-224 - AVG,210,1,1973,,148100,81,CROWN ATLANTIC COMPANY LLC,2015-11-24T16:08:55.760Z,GISHelp,2015-11-24T16:08:55.760Z,GISHelp
-80.099016123093179,40.474047044234183,82,0110N0030500T101,110-N-305-T1-01,919,2016,Kennedy,1,2,M21,CELL - MONOPOLE 100-149 - GOOD,104,1,2001,,96100,82,T-MOBILE USA,2015-11-24T16:08:55.760Z,GISHelp,2015-11-24T16:08:55.760Z,GISHelp
-80.110311016661399,40.404654957039746,83,0148P0009900T100,148-P-99-T1,905,2016,Collier,1,5,M15,CELL - MONOPOLE 75-99 - AVG,90,1,2001,,87100,83,AT&T WIRELESS,2015-11-24T16:08:55.760Z,GISHelp,2015-11-24T16:08:55.760Z,GISHelp
-79.823674310823378,40.478596810327325,84,0448G0024800T100,448-G-248-T1,934,2016,Penn Hills,1,6,S51,CELL - SELF SPRT 350-399 - GD,350,1,1998,"1,998",213900,84,CROWN COMMUNICATIONS INC,2015-11-24T16:08:55.760Z,GISHelp,2015-11-24T16:08:55.760Z,GISHelp
-79.984492916299757,40.365538111365439,85,0189S0015800T100,189-S-158-T1,810,2016,Brentwood,1,4,M21,CELL - MONOPOLE 100-149 - GOOD,145,1,1996,,130800,85,AT&T WIRELESS,2015-11-24T16:08:55.760Z,GISHelp,2015-11-24T16:08:55.760Z,GISHelp
-79.923625274370906,40.376395807233081,86,0185C0000100T100,185-C-1-T1,131,2016,31st Ward - PITTSBURGH,1,2,S26,CELL - SELF SPRT 150-199 - GD,199,1,1998,,158100,86,CROWN COMMUNICATIONS INC,2015-11-24T16:08:55.760Z,GISHelp,2015-11-24T16:08:55.760Z,GISHelp
-79.849008620940253,40.528727160534437,87,0362E0002000T101,362-E-20-T1-1,915,2016,Harmar,1,5,M25,CELL - MONOPOLE 150-199 - AVG,160,1,1993,,117900,87,AT&T WIRELESS,2015-11-24T16:08:55.760Z,GISHelp,2015-11-24T16:08:55.760Z,GISHelp
-80.063951127455866,40.48427395025201,88,0113N0035000T100,113-N-350-T1,949,2016,Stowe,1,5,S25,CELL - SELF SPRT 150-199 - AVG,190,1,1996,,139300,88,AT&T WIRELESS,2015-11-24T16:08:55.760Z,GISHelp,2015-11-24T16:08:55.760Z,GISHelp
-80.08826447840157,40.379471801859879,89,0144R0027500T100,144-R-275-T1,941,2016,Scott,1,5,S40,CELL - SELF SPRT 250-299 - AVG,252,1,1998,,201300,89,CROWN COMMUNICATIONS INC,2015-11-24T16:08:55.760Z,GISHelp,2015-11-24T16:08:55.760Z,GISHelp
-79.942176517146848,40.49398314743457,90,0167P0009000T100,167-P-90-T1,827,2016,Etna,1,1,M26,CELL - MONOPOLE 150-199 - GOOD,160,1,1998,,133800,90,T-MOBILE USA,2015-11-24T16:08:55.760Z,GISHelp,2015-11-24T16:08:55.760Z,GISHelp
-79.936440160434699,40.488420182098977,91,0120H0013800T100,120-H-138-T1,110,2016,10th Ward - PITTSBURGH,1,1,M26,CELL - MONOPOLE 150-199 - GOOD,180,1,1993,,144500,91,MORNINGSIDE REALTY INVESTMENT LLC,2015-11-24T16:08:55.760Z,GISHelp,2015-11-24T16:08:55.760Z,GISHelp
-79.915466151434174,40.457813017200102,92,0125E0029100T100,125-E-291-T1,112,2016,12th Ward - PITTSBURGH,1,1,S26,CELL - SELF SPRT 150-199 - GD,195,1,1985,,143000,92,T-MOBILE USA,2015-11-24T16:08:55.760Z,GISHelp,2015-11-24T16:08:55.760Z,GISHelp
-79.974132009075063,40.493684540346813,93,0165L0007500T200,165-L-75-T2,838,2016,Millvale,1,4,M21,CELL - MONOPOLE 100-149 - GOOD,125,1,2000,,118300,93,CROWN ATLANTIC COMPANY LLC,2015-11-24T16:08:55.760Z,GISHelp,2015-11-24T16:08:55.760Z,GISHelp
-79.973754284913952,40.493588953292551,94,0165L0007500T100,165-L-75-T1,838,2016,Millvale,1,4,M21,CELL - MONOPOLE 100-149 - GOOD,110,1,2000,,104100,94,T-MOBILE USA,2015-11-24T16:08:55.760Z,GISHelp,2015-11-24T16:08:55.760Z,GISHelp
-80.093069232328702,40.537821275495965,95,0426B0007500T100,426-B-75-T1,932,2016,Ohio,1,1,S46,CELL - SELF SPRT 300-349 - GD,300,1,1997,,180500,95,T-MOBILE USA,2015-11-24T16:08:55.760Z,GISHelp,2015-11-24T16:08:55.760Z,GISHelp
-79.987655101848517,40.39260127711691,96,0095C0025600T100,95-C-256-T1,129,2016,29th Ward - PITTSBURGH,1,6,M26,CELL - MONOPOLE 150-199 - GOOD,150,1,1997,,130400,96,LUNCINSKI VICTOR M JR,2015-11-24T16:08:55.760Z,GISHelp,2015-11-24T16:08:55.760Z,GISHelp
-79.907380002740354,40.468688915352097,97,0124G0026800T100,124-G-268-T1,112,2016,12th Ward - PITTSBURGH,1,4,M21,CELL - MONOPOLE 100-149 - GOOD,108,1,2000,,93900,97,SBA COMMUNICATIONS CORPORATION,2015-11-24T16:08:55.760Z,GISHelp,2015-11-24T16:08:55.760Z,GISHelp
-79.852460301069854,40.64993182353642,98,2012S0018300T100,2012-S-183-T1,952,2016,West Deer,1,5,M21,CELL - MONOPOLE 100-149 - GOOD,130,1,1998,,125800,98,AT&T WIRELESS,2015-11-24T16:08:55.760Z,GISHelp,2015-11-24T16:08:55.760Z,GISHelp
-79.93408926654493,40.671987911223788,99,2382J0038900T100,2382-J-389-T1,938,2016,Richland,1,3,S31,CELL - SELF SPRT 200-224 - GD,220,1,2000,,177800,99,SPACE 4-U INC,2015-11-24T16:08:55.760Z,GISHelp,2015-11-24T16:08:55.760Z,GISHelp
-80.103137392511101,40.665837589029827,100,2180D0000700T100,2180-D-7-T1,923,2016,Marshall,1,3,M21,CELL - MONOPOLE 100-149 - GOOD,146,1,1990,,115600,100,AMERICAN TOWERS INC,2015-11-24T16:08:55.760Z,GISHelp,2015-11-24T16:08:55.760Z,GISHelp
-79.958629037748068,40.223083255472204,101,1912L0005500T100,1912-L-55-T1,911,2016,Forward,1,3,S25,CELL - SELF SPRT 150-199 - AVG,160,1,1998,,97800,101,T-MOBILE USA,2015-11-24T16:08:55.760Z,GISHelp,2015-11-24T16:08:55.760Z,GISHelp
-79.951663678974001,40.220377901678518,102,1911L0037800T100,1911-L-378-T1,911,2016,Forward,1,5,S41,CELL - SELF SPRT 250-299 - GD,280,1,1991,,171100,102,CROWN ATLANTIC COMPANY LLC,2015-11-24T16:08:55.760Z,GISHelp,2015-11-24T16:08:55.760Z,GISHelp
-80.046725584988138,40.650549550405586,103,2001J0000100T100,2001-J-1-T1,935,2016,Pine,1,1,M21,CELL - MONOPOLE 100-149 - GOOD,130,1,1997,,113000,103,AT&T WIRELESS,2015-11-24T16:08:55.760Z,GISHelp,2015-11-24T16:08:55.760Z,GISHelp
-79.797697985343902,40.347822464382915,104,0648A0022000T100,648-A-220-T1,875,2016,White Oak,1,4,M31,CELL - MONOPOLE 200-224 - GOOD,215,1,2004,,210500,104,NEXTEL WEST CORP,2015-11-24T16:08:55.760Z,GISHelp,2015-11-24T16:08:55.760Z,GISHelp
-80.257602162734926,40.514513035969657,105,0924L0024800T100,924-L-248-T1,925,2016,Moon,1,4,S21,CELL - SELF SPRT 100-149 - GD,100,1,1998,,61100,105,CROWN COMMUNICATIONS INC,2015-11-24T16:08:55.760Z,GISHelp,2015-11-24T16:08:55.760Z,GISHelp
-79.769850921407837,40.60474348285841,106,1222G0001000T200,1222-G-10-T2,855,2016,Tarentum,1,6,S41,CELL - SELF SPRT 250-299 - GD,260,1,2003,"2,003",228800,106,CROWN ATLANTIC COMPANY LLC,2015-11-24T16:08:55.760Z,GISHelp,2015-11-24T16:08:55.760Z,GISHelp
-79.95183756928806,40.622697449848552,107,1505S0006000T100,1505-S-60-T1,938,2016,Richland,1,4,S36,CELL - SELF SPRT 225-249 - GD,245,1,2000,,202700,107,SPRINT SPECTRUM LP,2015-11-24T16:08:55.760Z,GISHelp,2015-11-24T16:08:55.760Z,GISHelp
-80.296852938866351,40.493076402821089,108,1180N0018700T100,1180-N-187-T1,910,2016,Findlay,1,4,M15,CELL - MONOPOLE 75-99 - AVG,95,1,2004,,89900,108,T-MOBILE USA,2015-11-24T16:08:55.760Z,GISHelp,2015-11-24T16:08:55.760Z,GISHelp
-79.989148689893867,40.579778272481953,109,0828G0006000T100,828-G-60-T1,914,2016,Hampton,1,3,M21,CELL - MONOPOLE 100-149 - GOOD,109,1,2001,,105500,109,GLOBAL SIGNAL ACQUISITIONS III LLC,2015-11-24T16:08:55.760Z,GISHelp,2015-11-24T16:08:55.760Z,GISHelp
-80.047342538196418,40.599662597573626,110,1206N0012800T100,1206-N-128-T1,927,2016,McCandless,1,5,M26,CELL - MONOPOLE 150-199 - GOOD,165,1,1998,,145200,110,AT&T WIRELESS,2015-11-24T16:08:55.760Z,GISHelp,2015-11-24T16:08:55.760Z,GISHelp
-79.938384562531439,40.605950717494345,111,1212C0028200T100,1212-C-282-T1,914,2016,Hampton,1,3,M26,CELL - MONOPOLE 150-199 - GOOD,176,1,1991,,135500,111,AT&T WIRELESS,2015-11-24T16:08:55.760Z,GISHelp,2015-11-24T16:08:55.760Z,GISHelp
-79.988419180986895,40.637270233157011,112,1829M0009600T100,1829-M-96-T1,938,2016,Richland,1,3,S31,CELL - SELF SPRT 200-224 - GD,205,1,2005,,177300,112,AMERICAN TOWERS INC,2015-11-24T16:08:55.760Z,GISHelp,2015-11-24T16:08:55.760Z,GISHelp
-80.066213135284428,40.362009419559421,113,0253H0017700T200,253-H-177-T2,950,2016,Upper St. Clair,1,2,M10,CELL - MONOPOLE 50-74 - AVG,50,1,2006,,50100,113,GLOBAL SIGNAL ACQUISITIONS III LLC,2015-11-24T16:08:55.760Z,GISHelp,2015-11-24T16:08:55.760Z,GISHelp
-79.785684058430704,40.46853889384974,114,0635H0024500T100,635-H-245-T1,934,2016,Penn Hills,1,4,M26,CELL - MONOPOLE 150-199 - GOOD,180,1,2002,,164300,114,T-MOBILE USA,2015-11-24T16:08:55.760Z,GISHelp,2015-11-24T16:08:55.760Z,GISHelp
-79.933196386656405,40.583088478679954,115,0951J0010000T100,951-J-100-T1,914,2016,Hampton,1,3,S56,CELL - SELF SPRT 400-449 - GD,420,1,1997,,328500,115,CROWN COMMUNICATIONS INC,2015-11-24T16:08:55.760Z,GISHelp,2015-11-24T16:08:55.760Z,GISHelp
-79.789468879996349,40.581053327538569,116,0959P0005900T100,959-P-59-T1,913,2016,Frazer,1,5,S25,CELL - SELF SPRT 150-199 - AVG,150,1,1999,,86000,116,AMERICAN TOWERS INC,2015-11-24T16:08:55.760Z,GISHelp,2015-11-24T16:08:55.760Z,GISHelp
-79.769616672772401,40.604229045497519,117,1222G0001000T100,1222-G-10-T1,855,2016,Tarentum,1,4,S25,CELL - SELF SPRT 150-199 - AVG,197,1,1997,,118500,117,T-MOBILE USA,2015-11-24T16:08:55.760Z,GISHelp,2015-11-24T16:08:55.760Z,GISHelp
-79.89568779312367,40.579984156592765,118,0834B0023200T100,834-B-232-T1,917,2016,Indiana,1,4,S31,CELL - SELF SPRT 200-224 - GD,210,1,1985,,154000,118,COUNCIL OF THREE RIVERS AMERICAN,2015-11-24T16:08:55.760Z,GISHelp,2015-11-24T16:08:55.760Z,GISHelp
-80.248378026498415,40.428596794403155,119,0915H0000100T100,915-H-1-T1,929,2016,North Fayette,1,4,S35,CELL - SELF SPRT 225-249 - AVG,240,1,1996,,185000,119,CROWN ATLANTIC COMPANY LLC,2015-11-24T16:08:55.760Z,GISHelp,2015-11-24T16:08:55.760Z,GISHelp
-79.786568127898249,40.468161520594464,120,0635H0029400T100,635-H-294-T1,934,2016,Penn Hills,1,5,S15,CELL - SELF SPRT 75-99 - AVG,90,1,1989,,42300,120,VERIZON WIRELESS,2015-11-24T16:08:55.760Z,GISHelp,2015-11-24T16:08:55.760Z,GISHelp
-79.954738865837811,40.561776825273462,121,0719R0000100T100,719-R-1-T1,914,2016,Hampton,1,6,M26,CELL - MONOPOLE 150-199 - GOOD,165,1,1997,,150600,121,AT&T WIRELESS,2015-11-24T16:08:55.760Z,GISHelp,2015-11-24T16:08:55.760Z,GISHelp
-80.007148199039122,40.634725875443536,122,1661G0001200T100,1661-G-12-T1,935,2016,Pine,1,6,S31,CELL - SELF SPRT 200-224 - GD,200,1,1996,,135400,122,VERIZON WIRELESS,2015-11-24T16:08:55.760Z,GISHelp,2015-11-24T16:08:55.760Z,GISHelp
-79.822182785046522,40.481291344718166,123,0448C0017600T100,448-C-176-T1,934,2016,Penn Hills,1,6,M20,CELL - MONOPOLE 100-149 - AVG,100,1,1997,,92400,123,CROWN ATLANTIC COMPANY LLC,2015-11-24T16:08:55.760Z,GISHelp,2015-11-24T16:08:55.760Z,GISHelp
-79.894650079638708,40.598324828804785,124,1080B0002400T100,1080-B-24-T1,952,2016,West Deer,1,9,S41,CELL - SELF SPRT 250-299 - GD,250,1,1997,,202100,124,CROWN ATLANTIC COMPANY LLC,2015-11-24T16:08:55.760Z,GISHelp,2015-11-24T16:08:55.760Z,GISHelp
-79.866408853036944,40.384134236195123,125,0238M0020000T100,238-M-200-T1,870,2016,West Mifflin,1,1,M15,CELL - MONOPOLE 75-99 - AVG,90,1,2010,"2,010",95000,125,T-MOBILE USA,2015-11-24T16:08:55.760Z,GISHelp,2015-11-24T16:08:55.760Z,GISHelp
-80.028570572684089,40.440429192795989,126,0006F0000700T100,6-F-7-T1,119,2016,19th Ward - PITTSBURGH,1,1,M20,CELL - MONOPOLE 100-149 - AVG,100,1,2009,,103400,126,T-MOBILE USA,2015-11-24T16:08:55.760Z,GISHelp,2015-11-24T16:08:55.760Z,GISHelp
-80.050087433773953,40.507173621358149,127,0216E0022500T100,216-E-225-T1,940,2016,Ross,1,1,M15,CELL - MONOPOLE 75-99 - AVG,80,1,2008,,81800,127,T-MOBILE USA,2015-11-24T16:08:55.760Z,GISHelp,2015-11-24T16:08:55.760Z,GISHelp
-80.15887425069036,40.546056180572918,128,0509L0010000T100,509-L-100-T1,851,2016,Sewickley,1,7,S41,CELL - SELF SPRT 250-299 - GD,250,1,1997,,150400,128,CROWN COMMUNICATIONS INC,2015-11-24T16:08:55.760Z,GISHelp,2015-11-24T16:08:55.760Z,GISHelp
-79.818906098393171,40.38387970792855,129,0458D0012400T100,458-D-124-T1,930,2016,North Versailles,1,7,M20,CELL - MONOPOLE 100-149 - AVG,170,1,2000,"2,000",172000,129,CROWN COMMUNICATIONS INC,2015-11-24T16:08:55.760Z,GISHelp,2015-11-24T16:08:55.760Z,GISHelp
-79.880227978585523,40.320835371136653,130,0558M0030600T100,558-M-306-T1,829,2016,Glassport,1,1,G20,CELL - GUYED 24 INCH BASE - AV,200,1,1997,,42800,130,PITTSBURGH SMSA LP,2015-11-24T16:08:55.760Z,GISHelp,2015-11-24T16:08:55.760Z,GISHelp
-79.975233985257518,40.595728970263806,131,1075F00106000000,1075-F-106,914,2016,Hampton,1,1,M26,CELL - MONOPOLE 150-199 - GOOD,150,1,2005,,148500,131,SBA TOWERS II LLC,2015-11-24T16:08:55.760Z,GISHelp,2015-11-24T16:08:55.760Z,GISHelp
-79.970394859750428,40.539286169015867,132,0433H0017500T100,433-H-175-T1,944,2016,Shaler,1,1,S26,CELL - SELF SPRT 150-199 - GD,199,1,2001,,167800,132,CROWN COMMUNICATIONS INC,2015-11-24T16:08:55.760Z,GISHelp,2015-11-24T16:08:55.760Z,GISHelp
-79.811825159908182,40.442154297577027,133,0541A0024000T200,541-A-240-T2,934,2016,Penn Hills,1,5,M26,CELL - MONOPOLE 150-199 - GOOD,160,1,1991,,123200,133,CROWN COMMUNICATIONS INC,2015-11-24T16:08:55.760Z,GISHelp,2015-11-24T16:08:55.760Z,GISHelp
-79.812188287657946,40.44220033971957,134,0541A0024000T100,541-A-240-T1,934,2016,Penn Hills,1,6,M21,CELL - MONOPOLE 100-149 - GOOD,120,1,1998,,108200,134,AT&T WIRELESS,2015-11-24T16:08:55.760Z,GISHelp,2015-11-24T16:08:55.760Z,GISHelp
-79.996474812382587,40.382907561201158,135,0138A0021700T100,138-A-217-T1,132,2016,32nd Ward - PITTSBURGH,1,1,M15,CELL - MONOPOLE 75-99 - AVG,80,1,2010,,84500,135,T-MOBILE USA,2015-11-24T16:08:55.760Z,GISHelp,2015-11-24T16:08:55.760Z,GISHelp
-80.199310878546527,40.529515521588621,136,0505E0012700T100,505-E-127-T1,925,2016,Moon,1,4,S21,CELL - SELF SPRT 100-149 - GD,145,1,2001,,122300,136,CROWN ATLANTIC COMPANY LLC,2015-11-24T16:08:55.760Z,GISHelp,2015-11-24T16:08:55.760Z,GISHelp
-79.941757634035454,40.341628157926834,137,0387F0007500T100,387-F-75-T1,870,2016,West Mifflin,1,1,M15,CELL - MONOPOLE 75-99 - AVG,80,1,2007,,80100,137,T-MOBILE USA,2015-11-24T16:08:55.760Z,GISHelp,2015-11-24T16:08:55.760Z,GISHelp
-79.928461666693991,40.419403040808156,138,0088F0001100T100,88-F-11-T1,115,2016,15th Ward - PITTSBURGH,1,1,M10,CELL - MONOPOLE 50-74 - AVG,69,2,1995,,107800,138,SPRINT,2015-11-24T16:08:55.760Z,GISHelp,2015-11-24T16:08:55.760Z,GISHelp
-80.220285751843249,40.521200679788514,139,0698D0022500T100,698-D-225-T1,925,2016,Moon,1,6,M15,CELL - MONOPOLE 75-99 - AVG,75,1,1993,,65200,139,AT&T WIRELESS,2015-11-24T16:08:55.760Z,GISHelp,2015-11-24T16:08:55.760Z,GISHelp
-79.988017685493901,40.277460336907033,140,1008P0012500T100,1008-P-125-T1,945,2016,South Park,1,4,M36,CELL - MONOPOLE 225-249 - GOOD,230,1,2003,,227700,140,SBA COMMUNICATIONS CORPORATION,2015-11-24T16:08:55.760Z,GISHelp,2015-11-24T16:08:55.760Z,GISHelp
-80.120539605396885,40.331625480004448,141,0481G0001100T100,481-G-11,946,2016,South Fayette,1,1,M21,CELL - MONOPOLE 100-149 - GOOD,100,1,2010,"2,010",110000,141,CLEARWIRE CORPORATION,2015-11-24T16:08:55.760Z,GISHelp,2015-11-24T16:08:55.760Z,GISHelp
-80.000582234593708,40.374361260877507,142,0138N0015000T100,138-N-150-T1,874,2016,Whitehall,1,1,S25,CELL - SELF SPRT 150-199 - AVG,150,1,2002,"2,002",129700,142,CROWN ATLANTIC COMPANY LLC,2015-11-24T16:08:55.760Z,GISHelp,2015-11-24T16:08:55.760Z,GISHelp
-79.791763604110969,40.55767883944614,143,0626B0005000T100,626-B-50-T1,948,2016,Springdale Twp,1,4,M25,CELL - MONOPOLE 150-199 - AVG,175,1,2007,,175200,143,NEW CINGULAR WIRELESS PCS LLC,2015-11-24T16:08:55.760Z,GISHelp,2015-11-24T16:08:55.760Z,GISHelp
-80.168628651921182,40.521573287871647,144,0420S0002000T100,420-S-20-T1,817,2016,Coraopolis,1,1,M26,CELL - MONOPOLE 150-199 - GOOD,180,1,2001,,160400,144,GLOBAL SIGNAL ACQUISITIONS II LLC,2015-11-24T16:08:55.760Z,GISHelp,2015-11-24T16:08:55.760Z,GISHelp
-79.92065439716896,40.665338751404718,145,2382R0023200T100,2382-R-232-T1,952,2016,West Deer,1,7,S51,CELL - SELF SPRT 350-399 - GD,350,1,1997,"1,997",286200,145,CROWN COMMUNICATIONS INC,2015-11-24T16:08:55.760Z,GISHelp,2015-11-24T16:08:55.760Z,GISHelp
-79.852028329814431,40.594047744183825,146,1082M0035800T100,1082-M-358-T1,917,2016,Indiana,1,5,G31,CELL - GUYED 30 INCH BASE - GD,323,1,2000,,92100,146,NCWPCS MPL 20 YEAR SITES TOWER HOLDINGS,2015-11-24T16:08:55.760Z,GISHelp,2015-11-24T16:08:55.760Z,GISHelp
-79.951878295874295,40.631374780557223,147,1664H0011500T100,1664-H-115-T1,938,2016,Richland,1,6,S51,CELL - SELF SPRT 350-399 - GD,350,1,2000,,273100,147,CROWN COMMUNICATIONS INC,2015-11-24T16:08:55.760Z,GISHelp,2015-11-24T16:08:55.760Z,GISHelp
-80.232487632599074,40.529735715340223,148,0699A0025600T100,699-A-256-T1,925,2016,Moon,1,4,M20,CELL - MONOPOLE 100-149 - AVG,115,1,1997,,75900,148,AT&T WIRELESS,2015-11-24T16:08:55.760Z,GISHelp,2015-11-24T16:08:55.760Z,GISHelp
-80.254417916492699,40.466106147557987,149,0696D0039600T100,696-D-396-T1,910,2016,Findlay,1,2,S26,CELL - SELF SPRT 150-199 - GD,150,1,1999,,130100,149,CROWN COMMUNICATIONS INC,2015-11-24T16:08:55.760Z,GISHelp,2015-11-24T16:08:55.760Z,GISHelp
-79.774472307646164,40.512169185536756,151,0736D0009800T100,736-D-98-T1,880,2016,Plum,1,1,G20,CELL - GUYED 24 INCH BASE - AV,165,2,2001,,79900,151,CINGULAR WIRELESS,2015-11-24T16:08:55.760Z,GISHelp,2015-11-24T16:08:55.760Z,GISHelp
-79.904471933278487,40.319917640579689,152,0559R0002500T100,559-R-25-T1,878,2016,Jefferson Hills,1,1,M26,CELL - MONOPOLE 150-199 - GOOD,160,1,1999,,142600,152,SBA TOWERS,2015-11-24T16:08:55.760Z,GISHelp,2015-11-24T16:08:55.760Z,GISHelp
-80.245856537131615,40.510463030091714,153,0806A00232000000,806-A-232,925,2016,Moon,1,6,S16,CELL - SELF SPRT 75-99 - GD,80,1,1999,,59600,153,K2 TOWERS LLC,2015-11-24T16:08:55.760Z,GISHelp,2015-11-24T16:08:55.760Z,GISHelp
-80.051594073727514,40.355070202486644,154,0252S0034000T100,252-S-340-T1,926,2016,Mt.Lebanon,1,1,M21,CELL - MONOPOLE 100-149 - GOOD,127,1,2008,"2,008",131300,154,CROWN ATLANTIC COMPANY LLC,2015-11-24T16:08:55.760Z,GISHelp,2015-11-24T16:08:55.760Z,GISHelp
-79.799346369222974,40.654909922844119,155,2199N0032300T100,2199-N-323-T1,909,2016,Fawn,1,1,S41,CELL - SELF SPRT 250-299 - GD,264,1,1999,,196800,179,SBA TOWERS INC,2015-11-24T16:08:55.760Z,GISHelp,2015-11-24T16:08:55.760Z,GISHelp
-79.932249230539171,40.360112313098583,157,0245M0000500T100,245-M-5-T1,870,2016,West Mifflin,1,1,S20,CELL - SELF SPRT 100-149 - AVG,120,1,1993,,57500,181,CROWN ATLANTIC CO LLC,2015-11-24T16:08:55.760Z,GISHelp,2015-11-24T16:08:55.760Z,GISHelp
-79.777752209112776,40.486767072385078,158,0738K00260000000,738-K-260,880,2016,Plum,1,9,S20,CELL - SELF SPRT 100-149 - AVG,100,1,1990,,47000,182,SCHULTHEIS SUSAN,2015-11-24T16:08:55.760Z,GISHelp,2015-11-24T16:08:55.760Z,GISHelp
-79.870828818159254,40.459802357987357,159,0231H0030000T100,231-H-300-T1-0,934,2016,Penn Hills,1,2,M20,CELL - MONOPOLE 100-149 - AVG,120,1,2008,,124100,183,SBA MONARCH TOWERS II LLC,2015-11-24T16:08:55.760Z,GISHelp,2015-11-24T16:08:55.760Z,GISHelp
-80.032897256778597,40.40727546164802,160,0036M0021600T100,36-M-216-T1-0,120,2016,20th Ward - PITTSBURGH,1,1,M20,CELL - MONOPOLE 100-149 - AVG,100,1,2009,,103400,184,SBA MONARCH II LLC,2015-11-24T16:08:55.760Z,GISHelp,2015-11-24T16:08:55.760Z,GISHelp
-79.987724836219073,40.507250829655128,161,0219G0015300T100,219-G-153-T1,940,2016,Ross,1,1,M15,CELL - MONOPOLE 75-99 - AVG,78,1,1997,"1,997",58300,185,CROWN CASTLE,2015-11-24T16:08:55.760Z,GISHelp,2015-11-24T16:08:55.760Z,GISHelp
-79.976064585167222,40.454240802183534,162,0025P0027500T101,25-P-275-T1-1,106,2016,2nd Ward - PITTSBURGH,1,1,M21,CELL - MONOPOLE 100-149 - GOOD,120,1,1990,,83200,186,BUNCHER COMPANY,2015-11-24T16:08:55.760Z,GISHelp,2015-11-24T16:08:55.760Z,GISHelp
-80.094445693231052,40.654660114040084,163,1998B00003000000,1998-B-3,923,2016,Marshall,1,6,S41,CELL - SELF SPRT 250-299 - GD,251,1,1990,,184000,187,CROWN ATLANTIC COMPANY LLC,2015-11-24T16:08:55.760Z,GISHelp,2015-11-24T16:08:55.760Z,GISHelp
-79.893670155168167,40.621051302298653,164,1509P00387000000,1509-P-387,952,2016,West Deer,1,7,S41,CELL - SELF SPRT 250-299 - GD,260,1,1988,,176000,188,M C I TELECOMMUNICATIONS CORP,2015-11-24T16:08:55.760Z,GISHelp,2015-11-24T16:08:55.760Z,GISHelp
-80.179796242948385,40.384347528526966,165,0405A00003000000,405-A-3,946,2016,South Fayette,1,6,S31,CELL - SELF SPRT 200-224 - GD,200,1,1993,,167300,189,CROWN COMMUNICATIONS INC,2015-11-24T16:08:55.760Z,GISHelp,2015-11-24T16:08:55.760Z,GISHelp
-79.769652495622211,40.604527830228065,166,1222G0001000T300,1222-G-10-T3,855,2016,Tarentum,1,5,S46,CELL - SELF SPRT 300-349 - GD,310,1,1983,,218600,190,COMCAST OF PENNSYLVANIA INC,2015-11-24T16:08:55.760Z,GISHelp,2015-11-24T16:08:55.760Z,GISHelp
-79.999632730463489,40.398797889536496,167,0061M0000400T100,61-M-4-T1,132,2016,32nd Ward - PITTSBURGH,1,1,M15,CELL - MONOPOLE 75-99 - AVG,80,1,2005,,77400,191,CROWN COMMUNICATIONS INC,2015-11-24T16:08:55.760Z,GISHelp,2015-11-24T16:08:55.760Z,GISHelp
-79.861489879353655,40.481917215911267,168,0293P0005800T100,293-P-58-T1,934,2016,Penn Hills,1,1,M25,CELL - MONOPOLE 150-199 - AVG,150,1,2014,"2,014",161700,192,CROWN COMMUNICATIONS,2015-11-24T16:08:55.760Z,GISHelp,2015-11-24T16:08:55.760Z,GISHelp
-80.236779438102019,40.528725404791189,169,0808C0003700T100,808-C-37-T1,925,2016,Moon,1,1,M31,CELL - MONOPOLE 200-224 - GOOD,200,1,1997,,173800,193,GLOBAL SIGNAL ACQUISITIONS II LLC,2015-11-24T16:08:55.760Z,GISHelp,2015-11-24T16:08:55.760Z,GISHelp
-80.006422276096515,40.492306254136331,170,0163R00050000000,163-R-50,126,2016,26th Ward - PITTSBURGH,1,3,G30,CELL - GUYED 30 INCH BASE - AV,120,1,1976,,13700,194,RENDA ANTHONY F,2015-11-24T16:08:55.760Z,GISHelp,2015-11-24T16:08:55.760Z,GISHelp
-80.004501607576202,40.497248391164497,171,0163G00350000000,163-G-350,126,2016,26th Ward - PITTSBURGH,1,3,M36,CELL - MONOPOLE 225-249 - GOOD,239,1,1995,,134100,195,AMERICAN TOWERS INC,2015-11-24T16:08:55.760Z,GISHelp,2015-11-24T16:08:55.760Z,GISHelp
-79.709756056949715,40.453933782885898,172,1241P0028400T100,1241-P-284-T1,880,2016,Plum,1,1,M20,CELL - MONOPOLE 100-149 - AVG,125,1,2002,,118300,196,SBA COMMUNICATIONS CORPORATION,2015-11-24T16:08:55.760Z,GISHelp,2015-11-24T16:08:55.760Z,GISHelp
-79.757743978274448,40.446503931796833,173,0855L00246000001,855-L-246-0-1,879,2016,Monroeville,1,5,S35,CELL - SELF SPRT 225-249 - AVG,225,1,1990,,137500,197,CROWN COMMUNICATIONS INC,2015-11-24T16:08:55.760Z,GISHelp,2015-11-24T16:08:55.760Z,GISHelp
-79.716992938811373,40.426816691129808,174,1107M00002000000,1107-M-2,879,2016,Monroeville,1,4,S25,CELL - SELF SPRT 150-199 - AVG,150,1,1980,,91700,198,HABERSTROH KEVIN C & REBECCA S (W),2015-11-24T16:08:55.760Z,GISHelp,2015-11-24T16:08:55.760Z,GISHelp
-79.835608245377855,40.286414935339955,175,0999D0031200T100,999-D-312-T1,908,2016,Elizabeth Twp,1,1,M20,CELL - MONOPOLE 100-149 - AVG,100,1,2002,,94600,199,CROWN COMMUNICATIONS INC,2015-11-24T16:08:55.760Z,GISHelp,2015-11-24T16:08:55.760Z,GISHelp
-79.855903278751839,40.405149680592174,176,0301R0005000T100,301-R-50-T1,843,2016,North Braddock,1,1,S56,CELL - SELF SPRT 400-449 - GD,449,1,1990,,232100,200,CROWN COMMUNICATIONS INC,2015-11-24T16:08:55.760Z,GISHelp,2015-11-24T16:08:55.760Z,GISHelp
-79.716959533222237,40.488803968217518,177,1101D0014300T100,1101-D-143-T1,880,2016,Plum,1,1,M25,CELL - MONOPOLE 150-199 - AVG,180,1,2010,,190100,201,SBA COMMUNICATIONS CORPORATION,2015-11-24T16:08:55.760Z,GISHelp,2015-11-24T16:08:55.760Z,GISHelp
-79.931331788433198,40.378676214901581,178,0134J0010000T100,134-J-100-T1,131,2016,31st Ward - PITTSBURGH,1,6,M21,CELL - MONOPOLE 100-149 - GOOD,130,1,2002,,123000,202,SBA COMMUNICATIONS CORPORATION,2015-11-24T16:08:55.760Z,GISHelp,2015-11-24T16:08:55.760Z,GISHelp
-80.152514977094569,40.502141136629909,179,0341S0003900T100,341-S-39-T1,925,2016,Moon,1,1,M25,CELL - MONOPOLE 150-199 - AVG,165,1,2011,,177900,203,CELL TOWER LEASE ACQUISITION LLC,2015-11-24T16:08:55.760Z,GISHelp,2015-11-24T16:08:55.760Z,GISHelp
-79.885502275200608,40.259037271226582,180,1272S00245000000,1272-S-245,911,2016,Forward,2,1,M21,CELL - MONOPOLE 100-149 - GOOD,100,1,2008,,103400,204,DILLNER W J TRANSFER CO,2015-11-24T16:08:55.760Z,GISHelp,2015-11-24T16:08:55.760Z,GISHelp
-79.910040707743022,40.356296874946963,181,0243P00144000000,243-P-144,870,2016,West Mifflin,1,4,M25,CELL - MONOPOLE 150-199 - AVG,150,1,2001,,138600,205,KRANACK ROBERT J & NANCY (W),2015-11-24T16:08:55.760Z,GISHelp,2015-11-24T16:08:55.760Z,GISHelp
-80.111585471125522,40.497598690625765,182,0157F00275000000,157-F-275,919,2016,Kennedy,1,5,M16,CELL - MONOPOLE 75-99 - GOOD,80,1,1993,,64200,206,CROWN ATLANTIC COMPANY LLC,2015-11-24T16:08:55.760Z,GISHelp,2015-11-24T16:08:55.760Z,GISHelp
-80.12912164072452,40.453992247492224,183,0205A0014100T100,205-A-141-T1,939,2016,Robinson,1,1,M26,CELL - MONOPOLE 150-199 - GOOD,160,1,2010,"2,010",169000,207,SBA COMMUNICATIONS CORPORATION,2015-11-24T16:08:55.760Z,GISHelp,2015-11-24T16:08:55.760Z,GISHelp
-80.097353620431278,40.410233640541179,184,0103E00080000000,103-E-80,812,2016,Carnegie,1,8,S45,CELL - SELF SPRT 300-349 - AVG,310,1,1995,,265200,208,CROWN COMMUNICATIONS INC,2015-11-24T16:08:55.760Z,GISHelp,2015-11-24T16:08:55.760Z,GISHelp
-80.125871292231324,40.527897289852426,186,0345C0021000T100,345-C-210-T1,901,2016,Aleppo,1,5,M26,CELL - MONOPOLE 150-199 - GOOD,156,1,2002,,147600,210,SBA COMMUNICATIONS CORPORATION,2015-11-24T16:08:55.760Z,GISHelp,2015-11-24T16:08:55.760Z,GISHelp
-80.207117866771924,40.519032324220653,187,0698D0034400T100,698-D-344-T1,925,2016,Moon,1,1,M10,CELL - MONOPOLE 50-74 - AVG,66,1,2001,,66800,211,SPRINT SPECTRUM LP,2015-11-24T16:08:55.760Z,GISHelp,2015-11-24T16:08:55.760Z,GISHelp
-79.841104706652942,40.278136148817836,188,0999R0004100T100,999-R-41-t1,908,2016,Elizabeth Twp,1,1,M20,CELL - MONOPOLE 100-149 - AVG,150,1,1997,"1,997",122100,155,AT&T WIRELESS,2015-11-24T16:08:55.760Z,GISHelp,2015-11-24T16:08:55.760Z,GISHelp
-79.931211592881922,40.411745388764949,189,0089A0011600T100,89-A-116-T1,115,2016,15th Ward - PITTSBURGH,1,5,S55,CELL - SELF SPRT 400-449 - AVG,450,1,1996,"1,996",236900,156,CROWN COMMUNICATIONS INC,2015-11-24T16:08:55.760Z,GISHelp,2015-11-24T16:08:55.760Z,GISHelp
-79.831434318696608,40.445051453032363,190,0451N0036700T100,451-N-367-T1,934,2016,Penn Hills,1,1,M20,CELL - MONOPOLE 100-149 - AVG,110,1,1995,,102900,157,T-MOBILE USA,2015-11-24T16:08:55.760Z,GISHelp,2015-11-24T16:08:55.760Z,GISHelp
-80.28552704024284,40.453059404820237,191,1176L0005600T100,1176-L-56-T1,910,2016,Findlay,1,5,M26,CELL - MONOPOLE 150-199 - GOOD,265,1,2005,,256500,158,AT&T WIRELESS,2015-11-24T16:08:55.760Z,GISHelp,2015-11-24T16:08:55.760Z,GISHelp
-79.922361420418738,40.526314824532719,192,0357G00100070400,357-G-100-704,931,2016,O''Hara,1,1,G21,CELL - GUYED 24 INCH BASE - GD,,1,2012,"2,012",0,159,LORETTA S LOBES IRREVOCABLE TRUST,2015-11-24T16:08:55.760Z,GISHelp,2015-11-24T16:08:55.760Z,GISHelp
-79.980303275787961,40.350993556264818,193,0314E0010000T100,314-E-100-T1,874,2016,Whitehall,1,2,S25,CELL - SELF SPRT 150-199 - AVG,164,1,1997,,87900,160,T-MOBILE USA,2015-11-24T16:08:55.760Z,GISHelp,2015-11-24T16:08:55.760Z,GISHelp
-79.922020462185827,40.526478752850338,194,0357G00100070500,357-G-100-705,931,2016,O''Hara,1,1,G21,CELL - GUYED 24 INCH BASE - GD,,1,2012,"2,012",0,161,MILLER JOHN R,2015-11-24T16:08:55.760Z,GISHelp,2015-11-24T16:08:55.760Z,GISHelp
-80.143630706301437,40.608104147952979,195,1343K0008300T100,1343-K-83-T1,884,2016,Franklin Park,1,1,M26,CELL - MONOPOLE 150-199 - GOOD,199,1,2010,,212300,162,SBA TOWERS LLC,2015-11-24T16:08:55.760Z,GISHelp,2015-11-24T16:08:55.760Z,GISHelp
-79.931196575504927,40.29680423488351,196,0881A0007200T300,881-A-72-T3,878,2016,Jefferson Hills,1,1,S15,CELL - SELF SPRT 75-99 - AVG,75,1,2010,"2,010",44400,163,AT&T WIRELESS,2015-11-24T16:08:55.760Z,GISHelp,2015-11-24T16:08:55.760Z,GISHelp
-79.769592384340811,40.489501858084964,197,0738D0021200T100,738-D-212-T1-0,880,2016,Plum,1,1,M25,CELL - MONOPOLE 150-199 - AVG,150,1,2010,"2,010",158400,164,CROWN CASTLE INTERNATIONAL,2015-11-24T16:08:55.760Z,GISHelp,2015-11-24T16:08:55.760Z,GISHelp
-80.037123032874263,40.531814074032653,198,0429S0031800T102,429-S-318-T1-2,940,2016,Ross,1,3,M20,CELL - MONOPOLE 100-149 - AVG,100,1,2008,"2,008",102300,165,SBA MONARCH TOWERS II LLC,2015-11-24T16:08:55.760Z,GISHelp,2015-11-24T16:08:55.760Z,GISHelp
-79.995617500756353,40.337050209593365,199,0390P0005000T100,390-P-50-T1,877,2016,South Park,1,4,M21,CELL - MONOPOLE 100-149 - GOOD,140,1,2008,"2,008",144800,166,CROWN CASTLE,2015-11-24T16:08:55.760Z,GISHelp,2015-11-24T16:08:55.760Z,GISHelp
-79.780825945394596,40.527584936806207,200,0734A0010100T100,734-A-101-T1,880,2016,Plum,1,1,S21,CELL - SELF SPRT 100-149 - GD,100,1,2004,,69600,167,CROWN ATLANTIC CO LLC,2015-11-24T16:08:55.760Z,GISHelp,2015-11-24T16:08:55.760Z,GISHelp
-79.978958268334921,40.324263332831165,201,0473H0015000T100,473-H-150-T1,878,2016,Jefferson Hills,1,7,M25,CELL - MONOPOLE 150-199 - AVG,160,1,2010,,169000,168,AT&T WIRELESS,2015-11-24T16:08:55.760Z,GISHelp,2015-11-24T16:08:55.760Z,GISHelp
-79.978967848925976,40.323835494514341,202,0473H0015000T200,473-H-150-T2,878,2016,Jefferson Hills,1,1,M25,CELL - MONOPOLE 150-199 - AVG,160,1,2004,,151400,169,NEXTEL WEST CORP,2015-11-24T16:08:55.760Z,GISHelp,2015-11-24T16:08:55.760Z,GISHelp
-79.814230515899055,40.517541809531473,203,0533E0007500T100,533-E-75-T1,880,2016,Plum,1,1,S26,CELL - SELF SPRT 150-199 - GD,199,1,1999,,123500,170,SBA COMMUNICATIONS CORPORATION,2015-11-24T16:08:55.760Z,GISHelp,2015-11-24T16:08:55.760Z,GISHelp
-79.867915766300911,40.43222555513163,204,0234D0010000T100,234-D-100-T1,866,2016,Wilkinsburg,1,1,S40,CELL - SELF SPRT 250-299 - AVG,250,1,2000,,207700,171,NEW TOWERS LLC,2015-11-24T16:08:55.760Z,GISHelp,2015-11-24T16:08:55.760Z,GISHelp
-79.858828053693728,40.411784970332967,205,0301A0020000T100,301-A-200-T1,872,2016,Braddock Hills,1,1,M25,CELL - MONOPOLE 150-199 - AVG,150,1,2000,,130400,172,SBA MONARCH TOWERS II LLC,2015-11-24T16:08:55.760Z,GISHelp,2015-11-24T16:08:55.760Z,GISHelp
-79.903039092600338,40.278923231044239,206,1003K0012500T100,1003-K-125-T1,878,2016,Jefferson Hills,1,1,M26,CELL - MONOPOLE 150-199 - GOOD,188,1,2001,,173700,173,SBA COMMUNICATIONS CORPORATION,2015-11-24T16:08:55.760Z,GISHelp,2015-11-24T16:08:55.760Z,GISHelp
-80.283466037293735,40.497177159043488,207,1180H00001000000,1180-H-1,910,2016,Findlay,1,4,S10,CELL - SELF SPRT 50-74 - AVG,63,1,1991,,29600,174,ALLEGHENY COUNTY  AIRPORT AUTHORITY,2015-11-24T16:08:55.760Z,GISHelp,2015-11-24T16:08:55.760Z,GISHelp
-80.291028510890953,40.428116246646532,208,1173M0000500T100,1173-M-5-T1,929,2016,North Fayette,1,5,M30,CELL - MONOPOLE 200-224 - AVG,200,1,2006,,193600,175,AT&T WIRELESS,2015-11-24T16:08:55.760Z,GISHelp,2015-11-24T16:08:55.760Z,GISHelp
-79.764131449058681,40.46772836810284,209,0740H0002300T100,740-H-23-T1,880,2016,Plum,1,1,M31,CELL - MONOPOLE 200-224 - GOOD,200,1,2002,,189200,176,AT&T WIRELESS,2015-11-24T16:08:55.760Z,GISHelp,2015-11-24T16:08:55.760Z,GISHelp
-79.943613264185188,40.349177747951565,210,0312K0008000T100,312-K-80-T1,870,2016,West Mifflin,1,1,S25,CELL - SELF SPRT 150-199 - AVG,150,1,2009,"2,009",122700,177,CROWN CASTLE,2015-11-24T16:08:55.760Z,GISHelp,2015-11-24T16:08:55.760Z,GISHelp
-80.180750923759803,40.490469871940654,211,0501D0018100T100,501-D-181-T1,925,2016,Moon,1,1,M16,CELL - MONOPOLE 75-99 - GOOD,86,1,2013,"2,013",93700,178,VERIZON WIRELESS,2015-11-24T16:08:55.760Z,GISHelp,2015-11-24T16:08:55.760Z,GISHelp
