WARD93_ID,WARDS,DATASET,OSNI_SCALE,LGD,AREA_SQKMS,AREA_SQM,PERIM_M,PERIM_KM,OBJECTID
101,ALDERGROVE,WARDS 1993,1:50000,Antrim,156.692306,156692306.332,65404.573929,65.404574,1
102,BALLOO,WARDS 1993,1:50000,Antrim,5.140362,5140362.41531,10542.427838,10.542428,2
103,BALLYCRAIGY,WARDS 1993,1:50000,Antrim,0.574112,574112.05117,3245.633602,3.245634,3
104,CLADY,WARDS 1993,1:50000,Antrim,80.276676,80276675.6887,56926.010795,56.926011,4
105,CRANFIELD,WARDS 1993,1:50000,Antrim,55.179049,55179049.0015,40133.283295,40.133283,5
106,CRUMLIN,WARDS 1993,1:50000,Antrim,14.710283,14710282.8485,20304.613481,20.304613,6
107,DRUMANAWAY,WARDS 1993,1:50000,Antrim,23.59545,23595450.0501,27960.430627,27.960431,7
108,FOUNTAIN HILL,WARDS 1993,1:50000,Antrim,0.868752,868752.218335,5122.39693,5.122397,8
109,GREYSTONE,WARDS 1993,1:50000,Antrim,0.553537,553536.526838,3987.706276,3.987706,9
110,MASSEREENE,WARDS 1993,1:50000,Antrim,5.227174,5227174.02172,16824.675146,16.824675,10
112,RANDALSTOWN,WARDS 1993,1:50000,Antrim,23.068715,23068715.4771,23502.158471,23.502158,11
114,SPRINGFARM,WARDS 1993,1:50000,Antrim,4.167354,4167353.59993,9370.13043,9.37013,12
115,STEEPLE,WARDS 1993,1:50000,Antrim,0.432789,432789.373201,2829.942535,2.829943,13
116,STILES,WARDS 1993,1:50000,Antrim,0.554803,554803.180868,3209.951525,3.209952,14
118,TEMPLEPATRICK,WARDS 1993,1:50000,Antrim,20.278315,20278315.0129,26239.786246,26.239786,15
119,TOOME,WARDS 1993,1:50000,Antrim,64.98469,64984690.2688,42444.163326,42.444163,16
121,FARRANSHANE,WARDS 1993,1:50000,Antrim,4.19488,4194880.43739,10338.469036,10.338469,17
122,PARKGATE,WARDS 1993,1:50000,Antrim,65.141325,65141324.6039,41798.355101,41.798355,18
123,SHILVODAN,WARDS 1993,1:50000,Antrim,52.295906,52295906.2808,44742.334514,44.742335,19
201,BALLYGOWAN,WARDS 1993,1:50000,Ards,15.643311,15643310.7415,20820.371748,20.820372,20
202,BALLYWALTER,WARDS 1993,1:50000,Ards,48.864797,48864797.218,35176.210727,35.176211,21
203,BRADSHAW'S BRAE,WARDS 1993,1:50000,Ards,10.338394,10338393.6408,18517.185157,18.517185,22
204,CENTRAL,WARDS 1993,1:50000,Ards,2.735117,2735116.76818,8220.730739,8.220731,23
205,COMBER NORTH,WARDS 1993,1:50000,Ards,3.620522,3620522.10594,8680.177405,8.680177,24
207,COMBER WEST,WARDS 1993,1:50000,Ards,6.55318,6553180.0225,12825.127108,12.825127,25
208,DONAGHADEE NORTH,WARDS 1993,1:50000,Ards,16.919654,16919654.1248,32877.014624,32.877015,26
209,DONAGHADEE SOUTH,WARDS 1993,1:50000,Ards,1.892028,1892027.71432,8210.531258,8.210531,27
210,GLEN,WARDS 1993,1:50000,Ards,4.602142,4602142.12793,11026.828659,11.026829,28
211,KILLINCHY,WARDS 1993,1:50000,Ards,70.239991,70239991.2518,44964.952457,44.964952,29
212,KIRCUBBIN,WARDS 1993,1:50000,Ards,64.486976,64486975.547,41003.200303,41.0032,30
213,LOUGHRIES,WARDS 1993,1:50000,Ards,20.501927,20501927.2685,27809.097297,27.809097,31
214,MILLISLE,WARDS 1993,1:50000,Ards,15.173113,15173112.5146,20592.176277,20.592176,32
215,MOVILLA,WARDS 1993,1:50000,Ards,1.441116,1441116.11151,5758.072374,5.758072,33
216,PORTAFERRY,WARDS 1993,1:50000,Ards,36.504173,36504173.1007,37581.870851,37.581871,34
217,PORTAVOGIE,WARDS 1993,1:50000,Ards,23.10362,23103620.335,24509.089895,24.50909,35
218,SCRABO,WARDS 1993,1:50000,Ards,7.715864,7715863.70903,15573.73041,15.57373,36
220,WHITESPOTS,WARDS 1993,1:50000,Ards,2.66626,2666259.5313,8451.370292,8.45137,37
222,BALLYRAINEY,WARDS 1993,1:50000,Ards,10.171007,10171007.2606,19989.296385,19.989296,38
223,CARROWDORE,WARDS 1993,1:50000,Ards,63.373224,63373224.1045,46340.742999,46.340743,39
224,COMBER EAST,WARDS 1993,1:50000,Ards,13.396675,13396674.6687,19958.282762,19.958283,40
225,GREGSTOWN,WARDS 1993,1:50000,Ards,3.929222,3929222.24021,9724.078542,9.724079,41
226,LISBANE,WARDS 1993,1:50000,Ards,42.610881,42610880.6671,39442.949659,39.44295,42
301,ABBEY PARK,WARDS 1993,1:50000,Armagh,3.475432,3475432.17683,11454.360195,11.45436,43
302,BALLYMARTRIM,WARDS 1993,1:50000,Armagh,61.366613,61366612.9887,47051.389865,47.05139,44
303,CALLAN BRIDGE,WARDS 1993,1:50000,Armagh,1.361865,1361864.76633,7252.389252,7.252389,45
304,CARRIGATUKE,WARDS 1993,1:50000,Armagh,62.725185,62725185.1993,41966.74236,41.966742,46
305,CHARLEMONT,WARDS 1993,1:50000,Armagh,34.471053,34471053.4991,28745.862956,28.745863,47
306,DEMESNE,WARDS 1993,1:50000,Armagh,3.363134,3363134.46986,9354.392981,9.354393,48
307,DERRYNOOSE,WARDS 1993,1:50000,Armagh,69.956627,69956627.1136,49272.318686,49.272319,49
308,DOWNS,WARDS 1993,1:50000,Armagh,1.54498,1544980.00106,7188.755055,7.188755,50
309,HAMILTONSBAWN,WARDS 1993,1:50000,Armagh,54.795297,54795297.4312,49786.735134,49.786735,51
310,HOCKLEY,WARDS 1993,1:50000,Armagh,41.998923,41998922.5933,44008.83244,44.008832,52
311,KEADY,WARDS 1993,1:50000,Armagh,1.024844,1024843.89952,4918.205818,4.918206,53
315,LOUGHGALL,WARDS 1993,1:50000,Armagh,32.80704,32807040.453,30160.853498,30.160853,54
321,TANDRAGEE,WARDS 1993,1:50000,Armagh,14.9634,14963400.1445,21964.09099,21.964091,55
401,AHOGHILL,WARDS 1993,1:50000,Ballymena,11.219764,11219764.3747,18977.802776,18.977803,56
402,ARDEEVIN,WARDS 1993,1:50000,Ballymena,3.467623,3467623.27672,10897.973359,10.897973,57
403,BALLEE,WARDS 1993,1:50000,Ballymena,1.478116,1478116.1355,4859.928428,4.859928,58
404,BALLYKEEL,WARDS 1993,1:50000,Ballymena,1.09082,1090820.3511,5500.621909,5.500622,59
405,BALLYLOUGHAN,WARDS 1993,1:50000,Ballymena,0.949977,949976.7462,4447.061263,4.447061,60
406,BROUGHSHANE,WARDS 1993,1:50000,Ballymena,11.999071,11999070.612,21502.797365,21.502797,61
407,CASTLE DEMESNE,WARDS 1993,1:50000,Ballymena,1.147006,1147005.90181,5141.180984,5.141181,62
408,CRAIGYWARREN,WARDS 1993,1:50000,Ballymena,60.471279,60471279.4626,43735.176409,43.735176,63
409,CULLYBACKEY,WARDS 1993,1:50000,Ballymena,4.841028,4841028.22122,12183.873666,12.183874,64
410,DUNCLUG,WARDS 1993,1:50000,Ballymena,0.688848,688847.871423,3700.068927,3.700069,65
411,DUNMINNING,WARDS 1993,1:50000,Ballymena,52.658886,52658885.7617,52980.730444,52.98073,66
412,FAIR GREEN,WARDS 1993,1:50000,Ballymena,0.659127,659127.321485,4145.419353,4.145419,67
413,GALGORM,WARDS 1993,1:50000,Ballymena,10.026029,10026029.1625,18744.552564,18.744553,68
414,GLENRAVEL,WARDS 1993,1:50000,Ballymena,89.834137,89834137.2997,49611.550185,49.61155,69
415,GLENWHIRRY,WARDS 1993,1:50000,Ballymena,115.759096,115759096.244,71132.753474,71.132753,70
416,GRANGE,WARDS 1993,1:50000,Ballymena,60.353434,60353433.8629,45020.837312,45.020837,71
417,HARRYVILLE,WARDS 1993,1:50000,Ballymena,2.872876,2872876.47082,10288.482992,10.288483,72
418,KELLS,WARDS 1993,1:50000,Ballymena,21.795638,21795638.296,31133.364348,31.133364,73
419,MOAT,WARDS 1993,1:50000,Ballymena,0.447104,447104.252094,4282.637655,4.282638,74
420,PARK,WARDS 1993,1:50000,Ballymena,0.965207,965206.706823,5694.207991,5.694208,75
421,PORTGLENONE,WARDS 1993,1:50000,Ballymena,39.458703,39458703.3112,34571.768988,34.571769,76
422,SLEMISH,WARDS 1993,1:50000,Ballymena,135.945182,135945182.368,69264.831985,69.264832,77
423,SUMMERFIELD,WARDS 1993,1:50000,Ballymena,1.594175,1594175.06117,7074.375859,7.074376,78
425,ACADEMY,WARDS 1993,1:50000,Ballymena,2.229068,2229067.9662,7571.861132,7.571861,79
501,BALLYHOE AND CORKEY,WARDS 1993,1:50000,Ballymoney,81.55167,81551670.0361,44931.847518,44.931848,80
502,BENVARDIN,WARDS 1993,1:50000,Ballymoney,35.937844,35937843.668,35856.082278,35.856082,81
503,CARNANY,WARDS 1993,1:50000,Ballymoney,0.859411,859411.4008,5370.987492,5.370987,82
504,CLOGH MILLS,WARDS 1993,1:50000,Ballymoney,24.269871,24269870.5016,27698.706529,27.698707,83
505,DERVOCK,WARDS 1993,1:50000,Ballymoney,38.858161,38858161.2728,41319.971218,41.319971,84
506,DUNLOY,WARDS 1993,1:50000,Ballymoney,22.343628,22343628.2958,26302.332649,26.302333,85
507,FAIRHILL,WARDS 1993,1:50000,Ballymoney,2.239518,2239518.4438,8010.882671,8.010883,86
508,GLEBE,WARDS 1993,1:50000,Ballymoney,0.954362,954361.527793,6093.674062,6.093674,87
509,KILLOQUIN LOWER,WARDS 1993,1:50000,Ballymoney,40.144473,40144473.3291,36183.810219,36.18381,88
510,KILLOQUIN UPPER,WARDS 1993,1:50000,Ballymoney,24.292692,24292691.7555,25990.44619,25.990446,89
511,KNOCKAHOLET,WARDS 1993,1:50000,Ballymoney,49.858118,49858118.0968,40770.834432,40.770834,90
512,NEWHILL,WARDS 1993,1:50000,Ballymoney,0.636905,636905.392688,4034.010697,4.034011,91
513,ROUTE,WARDS 1993,1:50000,Ballymoney,2.654879,2654879.27175,7453.664108,7.453664,92
514,SEACON,WARDS 1993,1:50000,Ballymoney,18.991364,18991363.5142,25178.797598,25.178798,93
515,STRANOCUM,WARDS 1993,1:50000,Ballymoney,40.05673,40056729.8429,33049.373693,33.049374,94
516,THE VOW,WARDS 1993,1:50000,Ballymoney,34.904088,34904088.1371,38952.759435,38.952759,95
605,DROMORE NORTH,WARDS 1993,1:50000,Banbridge,3.48052,3480520.06891,10572.055382,10.572055,96
606,DROMORE SOUTH,WARDS 1993,1:50000,Banbridge,12.060277,12060277.2786,17833.405751,17.833406,97
610,GILFORD,WARDS 1993,1:50000,Banbridge,15.46268,15462680.0314,20510.5149,20.510515,98
612,LAWRENCETOWN,WARDS 1993,1:50000,Banbridge,27.645426,27645425.9986,34320.527762,34.320528,99
614,QUILLY,WARDS 1993,1:50000,Banbridge,48.532071,48532070.9397,42546.758243,42.546758,100
618,GRANSHA,WARDS 1993,1:50000,Banbridge,51.491746,51491745.9549,38850.32692,38.850327,101
701,ANDERSONSTOWN,WARDS 1993,1:50000,Belfast,1.025447,1025447.43697,5601.43095,5.601431,102
702,ARDOYNE,WARDS 1993,1:50000,Belfast,0.592324,592323.553821,3416.371616,3.416372,103
703,BALLYHACKAMORE,WARDS 1993,1:50000,Belfast,1.137555,1137555.35963,4984.14679,4.984147,104
704,BALLYMACARRETT,WARDS 1993,1:50000,Belfast,0.752366,752366.175934,4521.197842,4.521198,105
705,BALLYNAFEIGH,WARDS 1993,1:50000,Belfast,0.651115,651115.46668,3895.913532,3.895914,106
706,BALLYSILLAN,WARDS 1993,1:50000,Belfast,1.123449,1123448.82724,5405.067684,5.405068,107
707,BEECHMOUNT,WARDS 1993,1:50000,Belfast,0.832627,832626.866852,5413.826575,5.413827,108
708,BELLEVUE,WARDS 1993,1:50000,Belfast,2.870842,2870841.7045,9280.264109,9.280264,109
709,BELMONT,WARDS 1993,1:50000,Belfast,1.793266,1793266.16225,7304.307534,7.304308,110
710,BLACKSTAFF,WARDS 1993,1:50000,Belfast,1.933849,1933849.46561,7138.819313,7.138819,111
711,BLOOMFIELD,WARDS 1993,1:50000,Belfast,0.766053,766052.941913,3563.659506,3.56366,112
712,BOTANIC,WARDS 1993,1:50000,Belfast,1.316501,1316500.73349,5446.46467,5.446465,113
713,CASTLEVIEW,WARDS 1993,1:50000,Belfast,1.460043,1460043.28042,5583.668851,5.583669,114
714,CAVEHILL,WARDS 1993,1:50000,Belfast,3.39083,3390830.3793,9880.051746,9.880052,115
715,CHERRYVALLEY,WARDS 1993,1:50000,Belfast,1.990355,1990354.55704,9420.143851,9.420144,116
910,GILNAHIRK,WARDS 1993,1:50000,Castlereagh,0.812024,812023.548101,4537.756494,4.537756,117
716,CHICHESTER PARK,WARDS 1993,1:50000,Belfast,0.972844,972844.293169,5616.283291,5.616283,118
717,CLIFTONVILLE,WARDS 1993,1:50000,Belfast,1.192974,1192973.50283,5606.074956,5.606075,119
718,CLONARD,WARDS 1993,1:50000,Belfast,0.655912,655912.20282,5409.931274,5.409931,120
719,CRUMLIN,WARDS 1993,1:50000,Belfast,0.859123,859123.344853,3968.333408,3.968333,121
720,DUNCAIRN,WARDS 1993,1:50000,Belfast,9.239323,9239322.70973,16258.286407,16.258286,122
721,FALLS,WARDS 1993,1:50000,Belfast,1.154739,1154738.80177,6334.767728,6.334768,123
722,FALLS PARK,WARDS 1993,1:50000,Belfast,2.367619,2367619.20339,7695.551231,7.695551,124
723,FINAGHY,WARDS 1993,1:50000,Belfast,2.60839,2608389.97686,7252.469855,7.25247,125
724,FORTWILLIAM,WARDS 1993,1:50000,Belfast,1.033095,1033094.71052,5229.76699,5.229767,126
725,GLEN ROAD,WARDS 1993,1:50000,Belfast,1.595044,1595043.56487,6403.981636,6.403982,127
726,GLENCAIRN,WARDS 1993,1:50000,Belfast,3.963741,3963741.48149,11009.435306,11.009435,128
727,GLENCOLIN,WARDS 1993,1:50000,Belfast,9.501086,9501085.66651,14834.504867,14.834505,129
728,HIGHFIELD,WARDS 1993,1:50000,Belfast,2.640093,2640093.00436,8491.442439,8.491442,130
729,ISLAND,WARDS 1993,1:50000,Belfast,3.755991,3755991.00858,11330.425245,11.330425,131
730,KNOCK,WARDS 1993,1:50000,Belfast,1.189891,1189891.33709,5869.228125,5.869228,132
731,LADYBROOK,WARDS 1993,1:50000,Belfast,1.365631,1365630.6568,6897.341,6.897341,133
732,LEGONIEL,WARDS 1993,1:50000,Belfast,8.837107,8837107.10974,15287.805668,15.287806,134
733,MALONE,WARDS 1993,1:50000,Belfast,2.197208,2197207.78989,6386.105855,6.386106,135
734,NEW LODGE,WARDS 1993,1:50000,Belfast,0.722277,722277.202152,3891.889849,3.89189,136
735,ORANGEFIELD,WARDS 1993,1:50000,Belfast,1.410125,1410125.36348,5782.074653,5.782075,137
736,RAVENHILL,WARDS 1993,1:50000,Belfast,1.896909,1896908.57521,6499.228299,6.499228,138
737,ROSETTA,WARDS 1993,1:50000,Belfast,1.693447,1693447.10464,7059.871535,7.059872,139
738,SHAFTESBURY,WARDS 1993,1:50000,Belfast,2.22094,2220939.87695,6765.756991,6.765757,140
739,SHANKILL,WARDS 1993,1:50000,Belfast,0.911514,911514.06832,6124.126027,6.124126,141
741,STORMONT,WARDS 1993,1:50000,Belfast,7.055418,7055418.07455,13881.52837,13.881528,142
742,STRANMILLIS,WARDS 1993,1:50000,Belfast,2.451083,2451083.20933,8056.221034,8.056221,143
743,SYDENHAM,WARDS 1993,1:50000,Belfast,6.191102,6191101.93698,10871.534079,10.871534,144
744,THE MOUNT,WARDS 1993,1:50000,Belfast,0.737954,737953.655113,4289.983841,4.289984,145
745,UPPER MALONE,WARDS 1993,1:50000,Belfast,4.337675,4337674.8623,14447.843799,14.447844,146
746,UPPER SPRINGFIELD,WARDS 1993,1:50000,Belfast,2.572345,2572344.60251,9329.664733,9.329665,147
747,WATER WORKS,WARDS 1993,1:50000,Belfast,1.267352,1267351.99407,6588.169338,6.588169,148
748,WHITEROCK,WARDS 1993,1:50000,Belfast,0.767068,767068.341184,4094.473546,4.094474,149
749,WINDSOR,WARDS 1993,1:50000,Belfast,0.940525,940525.341391,4668.489816,4.66849,150
750,WOODSTOCK,WARDS 1993,1:50000,Belfast,0.563208,563207.757026,3663.895995,3.663896,151
751,WOODVALE,WARDS 1993,1:50000,Belfast,0.600527,600527.383408,3598.440046,3.59844,152
753,MUSGRAVE,WARDS 1993,1:50000,Belfast,1.795577,1795576.93723,6847.02727,6.847027,153
801,BLACKHEAD,WARDS 1993,1:50000,Carrickfergus,2.397918,2397917.72236,9105.236323,9.105236,154
802,BONEYBEFORE,WARDS 1993,1:50000,Carrickfergus,0.593321,593321.061107,3801.602361,3.801602,155
803,CLIPPERSTOWN,WARDS 1993,1:50000,Carrickfergus,0.489802,489802.178417,3156.518583,3.156519,156
804,EDEN,WARDS 1993,1:50000,Carrickfergus,21.541094,21541094.1153,26554.012747,26.554013,157
805,GORTALEE,WARDS 1993,1:50000,Carrickfergus,0.329497,329497.08646,3383.553928,3.383554,158
806,GREENISLAND,WARDS 1993,1:50000,Carrickfergus,4.600888,4600887.69409,13637.427193,13.637427,159
807,KILLYCROT,WARDS 1993,1:50000,Carrickfergus,1.110126,1110125.90841,8029.784956,8.029785,160
808,KNOCKAGH,WARDS 1993,1:50000,Carrickfergus,3.224738,3224738.24448,8683.992486,8.683992,161
809,LOVE LANE,WARDS 1993,1:50000,Carrickfergus,0.807318,807317.668857,4670.244078,4.670244,162
810,MILEBUSH,WARDS 1993,1:50000,Carrickfergus,0.403919,403919.380701,3162.014063,3.162014,163
811,NORTHLAND,WARDS 1993,1:50000,Carrickfergus,0.181266,181266.19333,1902.347853,1.902348,164
812,SUNNYLANDS,WARDS 1993,1:50000,Carrickfergus,0.327205,327204.504423,2874.794396,2.874794,165
813,VICTORIA,WARDS 1993,1:50000,Carrickfergus,1.126397,1126396.57841,6190.646139,6.190646,166
814,WHITEHEAD,WARDS 1993,1:50000,Carrickfergus,6.517033,6517032.7158,11540.290806,11.540291,167
815,WOODBURN,WARDS 1993,1:50000,Carrickfergus,36.219648,36219647.7693,31375.786519,31.375787,168
817,BLUEFIELD,WARDS 1993,1:50000,Carrickfergus,0.923096,923095.766923,5283.824808,5.283825,169
818,BURLEIGH HILL,WARDS 1993,1:50000,Carrickfergus,1.145807,1145807.03417,5473.137176,5.473137,170
901,BALLYHANWOOD,WARDS 1993,1:50000,Castlereagh,10.556526,10556526.3189,15913.209474,15.913209,171
902,BEECHILL,WARDS 1993,1:50000,Castlereagh,3.920157,3920156.58574,10641.900381,10.6419,172
903,CARROWREAGH,WARDS 1993,1:50000,Castlereagh,7.558426,7558425.8975,15518.391718,15.518392,173
905,CREGAGH,WARDS 1993,1:50000,Castlereagh,0.310271,310271.358683,2583.184107,2.583184,174
906,DOWNSHIRE,WARDS 1993,1:50000,Castlereagh,0.430315,430315.437757,3339.127479,3.339127,175
907,DUNDONALD,WARDS 1993,1:50000,Castlereagh,2.157915,2157914.56448,8726.637045,8.726637,176
908,ENLER,WARDS 1993,1:50000,Castlereagh,0.510318,510318.470948,3708.150476,3.70815,177
911,GRAHAM'S BRIDGE,WARDS 1993,1:50000,Castlereagh,0.885529,885528.971277,5752.847881,5.752848,178
912,HILLFOOT,WARDS 1993,1:50000,Castlereagh,1.524705,1524704.64959,6547.403985,6.547404,179
913,KNOCKBRACKEN,WARDS 1993,1:50000,Castlereagh,1.046205,1046205.20156,4792.301417,4.792301,180
914,LISNASHARRAGH,WARDS 1993,1:50000,Castlereagh,0.963404,963403.81519,5077.557531,5.077558,181
915,LOWER BRANIEL,WARDS 1993,1:50000,Castlereagh,0.868268,868268.471264,5317.570582,5.317571,182
916,MINNOWBURN,WARDS 1993,1:50000,Castlereagh,1.440504,1440503.71227,7727.271532,7.727272,183
917,MONEYREAGH,WARDS 1993,1:50000,Castlereagh,36.247007,36247006.9358,35761.203181,35.761203,184
918,NEWTOWNBREDA,WARDS 1993,1:50000,Castlereagh,1.691735,1691735.03918,8054.668686,8.054669,185
919,TULLYCARNET,WARDS 1993,1:50000,Castlereagh,0.49923,499229.875872,3450.627779,3.450628,186
920,UPPER BRANIEL,WARDS 1993,1:50000,Castlereagh,2.831351,2831351.0121,7432.708009,7.432708,187
921,WYNCHURCH,WARDS 1993,1:50000,Castlereagh,0.478756,478755.957576,3458.610115,3.45861,188
923,CAIRNSHILL,WARDS 1993,1:50000,Castlereagh,0.956431,956430.683006,5815.960101,5.81596,189
924,CARRYDUFF EAST,WARDS 1993,1:50000,Castlereagh,4.068695,4068695.41961,14194.871286,14.194871,190
925,CARRYDUFF WEST,WARDS 1993,1:50000,Castlereagh,4.223878,4223877.74324,12783.031334,12.783031,191
926,GALWALLY,WARDS 1993,1:50000,Castlereagh,1.022533,1022533.29575,4462.141425,4.462141,192
1001,AGIVEY,WARDS 1993,1:50000,Coleraine,67.163935,67163935.3261,56328.050309,56.32805,193
1002,ATLANTIC,WARDS 1993,1:50000,Coleraine,4.560711,4560710.61856,13481.531755,13.481532,194
1003,BALLYSALLY,WARDS 1993,1:50000,Coleraine,0.920313,920312.564986,4539.551416,4.539551,195
1004,CASTLEROCK,WARDS 1993,1:50000,Coleraine,29.133881,29133880.5533,29400.846321,29.400846,196
1006,CHURCHLAND,WARDS 1993,1:50000,Coleraine,1.249565,1249565.15658,5132.448814,5.132449,197
1007,CROSS GLEBE,WARDS 1993,1:50000,Coleraine,1.265423,1265423.43858,5105.434133,5.105434,198
1008,DUNLUCE,WARDS 1993,1:50000,Coleraine,47.757318,47757318.4886,39739.288488,39.739288,199
1009,GARVAGH,WARDS 1993,1:50000,Coleraine,53.372225,53372225.1395,40256.678441,40.256678,200
1010,HOPEFIELD,WARDS 1993,1:50000,Coleraine,2.11571,2115709.59257,7341.972847,7.341973,201
1011,KILREA,WARDS 1993,1:50000,Coleraine,26.473207,26473206.7515,27289.788137,27.289788,202
1013,MACOSQUIN,WARDS 1993,1:50000,Coleraine,73.105825,73105824.9923,55488.848613,55.488849,203
1014,MOUNT SANDEL,WARDS 1993,1:50000,Coleraine,1.915948,1915947.80785,7117.225776,7.117226,204
1015,PORTSTEWART,WARDS 1993,1:50000,Coleraine,0.855894,855893.652021,6085.243205,6.085243,205
1016,RINGSEND,WARDS 1993,1:50000,Coleraine,107.241139,107241138.767,66687.951548,66.687952,206
1017,ROYAL PORTRUSH,WARDS 1993,1:50000,Coleraine,4.199203,4199203.43366,16383.61737,16.383617,207
1018,STRAND,WARDS 1993,1:50000,Coleraine,3.317446,3317446.47278,14183.938561,14.183939,208
1019,THE CUTS,WARDS 1993,1:50000,Coleraine,4.645662,4645662.16678,12153.177802,12.153178,209
1020,UNIVERSITY,WARDS 1993,1:50000,Coleraine,2.368034,2368033.53555,7835.054307,7.835054,210
1021,WATERSIDE,WARDS 1993,1:50000,Coleraine,2.375673,2375672.84517,6539.43156,6.539432,211
1022,CENTRAL,WARDS 1993,1:50000,Coleraine,1.050842,1050842.27819,5914.347712,5.914348,212
1023,KNOCKLYNN,WARDS 1993,1:50000,Coleraine,2.958543,2958543.02376,9130.19313,9.130193,213
1024,DUNDOOAN,WARDS 1993,1:50000,Coleraine,47.48877,47488770.1227,52121.089832,52.12109,214
1101,ARDBOE,WARDS 1993,1:50000,Cookstown,61.812109,61812108.9391,36880.866831,36.880867,215
1102,COAGH,WARDS 1993,1:50000,Cookstown,28.863144,28863144.3631,35331.622417,35.331622,216
1103,DUNNAMORE,WARDS 1993,1:50000,Cookstown,98.219957,98219957.1002,51232.760056,51.23276,217
1104,GORTALOWRY,WARDS 1993,1:50000,Cookstown,1.852198,1852198.23514,6519.903553,6.519904,218
1105,KILLYCOLPY,WARDS 1993,1:50000,Cookstown,94.371364,94371364.0536,44925.779692,44.92578,219
1106,KILLYMOON,WARDS 1993,1:50000,Cookstown,1.870547,1870547.02101,6807.974036,6.807974,220
1107,LISSAN,WARDS 1993,1:50000,Cookstown,73.024008,73024007.6655,48824.820454,48.82482,221
1108,MONEYMORE,WARDS 1993,1:50000,Cookstown,21.97588,21975880.3723,28068.618476,28.068618,222
1109,NEWBUILDINGS,WARDS 1993,1:50000,Cookstown,2.17117,2171170.13657,7636.302185,7.636302,223
1110,OAKLANDS,WARDS 1993,1:50000,Cookstown,52.840013,52840012.981,41504.871795,41.504872,224
1111,OLDTOWN,WARDS 1993,1:50000,Cookstown,0.813903,813902.71867,4805.384286,4.805384,225
1112,POMEROY,WARDS 1993,1:50000,Cookstown,38.952104,38952103.7929,32675.508343,32.675508,226
1113,SANDHOLES,WARDS 1993,1:50000,Cookstown,40.144449,40144448.75,35284.800897,35.284801,227
1114,STEWARTSTOWN,WARDS 1993,1:50000,Cookstown,42.702458,42702457.8481,36592.754976,36.592755,228
1115,THE LOOP,WARDS 1993,1:50000,Cookstown,60.988359,60988359.3099,37214.776842,37.214777,229
1116,TULLAGH,WARDS 1993,1:50000,Cookstown,1.104446,1104446.42763,5848.434124,5.848434,230
1201,AGHAGALLON,WARDS 1993,1:50000,Craigavon,99.185448,99185448.1894,48445.616775,48.445617,231
1202,ANNAGH,WARDS 1993,1:50000,Craigavon,9.451855,9451855.01234,17257.147787,17.257148,232
1203,BALLYBAY,WARDS 1993,1:50000,Craigavon,6.583584,6583584.13341,14020.587351,14.020587,233
1204,BALLYORAN,WARDS 1993,1:50000,Craigavon,9.761693,9761693.30463,14514.632463,14.514632,234
1205,BLEARY,WARDS 1993,1:50000,Craigavon,17.469489,17469489.4703,27492.425816,27.492426,235
1206,BROWNSTOWN,WARDS 1993,1:50000,Craigavon,7.425305,7425305.23564,13533.171838,13.533172,236
1207,CHURCH,WARDS 1993,1:50000,Craigavon,0.562495,562495.144975,3288.302087,3.288302,237
1208,CORCRAIN,WARDS 1993,1:50000,Craigavon,1.103214,1103214.16261,4926.139917,4.92614,238
1209,COURT,WARDS 1993,1:50000,Craigavon,1.291223,1291222.64563,5402.941201,5.402941,239
1210,DRUMNAMOE,WARDS 1993,1:50000,Craigavon,0.413102,413102.01613,2442.441331,2.442441,240
1211,DRUMGASK,WARDS 1993,1:50000,Craigavon,2.868006,2868005.94538,9378.102749,9.378103,241
1212,DRUMGOR,WARDS 1993,1:50000,Craigavon,3.053895,3053895.2333,11075.880385,11.07588,242
1213,EDENDERRY,WARDS 1993,1:50000,Craigavon,1.737638,1737637.7896,5858.727804,5.858728,243
1214,KERNAN,WARDS 1993,1:50000,Craigavon,16.971762,16971761.5208,24534.143594,24.534144,244
1215,KILLYCOMAIN,WARDS 1993,1:50000,Craigavon,0.911968,911968.345914,4792.590616,4.792591,245
1217,KNOCKNASHANE,WARDS 1993,1:50000,Craigavon,1.992482,1992482.3146,6528.191588,6.528192,246
1218,MAGHERALIN,WARDS 1993,1:50000,Craigavon,17.887813,17887812.8167,25891.941546,25.891942,247
1219,MOURNEVIEW,WARDS 1993,1:50000,Craigavon,0.713713,713712.820925,3860.554315,3.860554,248
1220,PARKLAKE,WARDS 1993,1:50000,Craigavon,2.79888,2798879.6678,7393.255348,7.393255,249
1221,TAGHNEVAN,WARDS 1993,1:50000,Craigavon,1.107158,1107157.56836,5813.537472,5.813537,250
1222,TAVANAGH,WARDS 1993,1:50000,Craigavon,0.522893,522893.284922,3586.379167,3.586379,251
1223,THE BIRCHES,WARDS 1993,1:50000,Craigavon,56.170651,56170651.3108,45743.118226,45.743118,252
1225,WARINGSTOWN,WARDS 1993,1:50000,Craigavon,11.690769,11690768.7404,18098.801026,18.098801,253
1226,WOODVILLE,WARDS 1993,1:50000,Craigavon,1.385988,1385988.04739,6155.985607,6.155986,254
1228,DERRYTRASNA,WARDS 1993,1:50000,Craigavon,71.678352,71678351.7521,40593.066838,40.593067,255
1229,DONAGHCLONEY,WARDS 1993,1:50000,Craigavon,33.484595,33484595.2823,41171.757002,41.171757,256
1303,BALLYMAGLAVE,WARDS 1993,1:50000,Down,5.216085,5216085.31937,17360.118582,17.360119,257
1304,BALLYNAHINCH EAST,WARDS 1993,1:50000,Down,2.07539,2075390.44812,6693.592569,6.693593,258
1307,CROSSGAR,WARDS 1993,1:50000,Down,32.670177,32670177.4557,32078.825459,32.078825,259
1308,DERRYBOY,WARDS 1993,1:50000,Down,74.804811,74804811.1369,52368.157316,52.368157,260
1310,DRUMANESS,WARDS 1993,1:50000,Down,35.305439,35305438.8375,33132.835709,33.132836,261
1312,DUNMORE,WARDS 1993,1:50000,Down,45.736366,45736365.9424,43516.048395,43.516048,262
1315,KILLYLEAGH,WARDS 1993,1:50000,Down,10.80018,10800179.5694,16414.882803,16.414883,263
1316,KILMORE,WARDS 1993,1:50000,Down,60.586788,60586788.2656,42289.221766,42.289222,264
1319,SAINTFIELD,WARDS 1993,1:50000,Down,13.90321,13903210.4996,19683.670438,19.68367,265
1401,ALTMORE,WARDS 1993,1:50000,Dungannon,60.44462,60444619.7062,45263.036847,45.263037,266
1402,AUGHER,WARDS 1993,1:50000,Dungannon,71.998999,71998999.345,51155.592843,51.155593,267
1403,AUGHNACLOY,WARDS 1993,1:50000,Dungannon,70.173993,70173992.96,50452.83096,50.452831,268
1404,BALLYGAWLEY,WARDS 1993,1:50000,Dungannon,57.214069,57214069.3361,46697.731065,46.697731,269
1405,BALLYSAGGART,WARDS 1993,1:50000,Dungannon,2.586528,2586528.00291,8198.329586,8.19833,270
1406,BENBURB,WARDS 1993,1:50000,Dungannon,40.686378,40686377.6592,42657.362026,42.657362,271
1407,CALEDON,WARDS 1993,1:50000,Dungannon,80.6867,80686699.7571,56377.060074,56.37706,272
1408,CASTLECAULFIELD,WARDS 1993,1:50000,Dungannon,39.121536,39121535.5757,37339.691965,37.339692,273
1409,CLOGHER,WARDS 1993,1:50000,Dungannon,104.419502,104419502.019,64842.170857,64.842171,274
1410,COALISLAND NORTH,WARDS 1993,1:50000,Dungannon,11.122389,11122388.674,18223.2352,18.223235,275
1411,COALISLAND SOUTH,WARDS 1993,1:50000,Dungannon,4.142471,4142471.20131,11748.469674,11.74847,276
1412,COALISLAND WEST AND NEWMILLS,WARDS 1993,1:50000,Dungannon,9.150392,9150392.23778,15167.127603,15.167128,277
1413,COOLHILL,WARDS 1993,1:50000,Dungannon,2.287234,2287234.37056,7741.71409,7.741714,278
1414,DONAGHMORE,WARDS 1993,1:50000,Dungannon,27.508148,27508148.1052,36270.251478,36.270251,279
1415,DRUMGLASS,WARDS 1993,1:50000,Dungannon,4.693304,4693304.23672,11150.172426,11.150172,280
1416,FIVEMILETOWN,WARDS 1993,1:50000,Dungannon,77.976318,77976317.6194,53856.853916,53.856854,281
1418,KILLYMAN,WARDS 1993,1:50000,Dungannon,35.253953,35253953.0264,37971.498879,37.971499,282
1419,KILLYMEAL,WARDS 1993,1:50000,Dungannon,6.089101,6089101.27754,13978.498558,13.978499,283
1420,MOY,WARDS 1993,1:50000,Dungannon,26.479167,26479166.8398,30139.871038,30.139871,284
1421,MOYGASHEL,WARDS 1993,1:50000,Dungannon,6.087016,6087016.33288,14463.895825,14.463896,285
1422,MULLAGHMORE,WARDS 1993,1:50000,Dungannon,4.087789,4087789.34712,10636.240124,10.63624,286
1423,WASHING BAY,WARDS 1993,1:50000,Dungannon,41.000462,41000461.8408,30898.32331,30.898323,287
1501,BALLINAMALLARD,WARDS 1993,1:50000,Fermanagh,44.665856,44665856.4703,44973.478773,44.973479,288
1502,BELCOO AND GARRISON,WARDS 1993,1:50000,Fermanagh,202.827199,202827199.391,100722.414152,100.722414,289
1503,BELLEEK AND BOA,WARDS 1993,1:50000,Fermanagh,173.060242,173060241.794,95493.88984,95.49389,290
1507,DERRYGONNELLY,WARDS 1993,1:50000,Fermanagh,160.584343,160584342.857,79107.300209,79.1073,291
1514,IRVINESTOWN,WARDS 1993,1:50000,Fermanagh,17.265842,17265841.6557,22464.661504,22.464662,292
1523,TEMPO,WARDS 1993,1:50000,Fermanagh,90.743172,90743171.5982,57944.22354,57.944224,293
1525,"KESH, EDERNEY and LACK",WARDS 1993,1:50000,Fermanagh,112.810985,112810985.131,61074.026963,61.074027,294
1526,LISNARRICK,WARDS 1993,1:50000,Fermanagh,71.927483,71927482.7056,47118.500489,47.1185,295
1601,ANTIVILLE,WARDS 1993,1:50000,Larne,0.610461,610461.042499,4262.397961,4.262398,296
1602,BALLYCARRY,WARDS 1993,1:50000,Larne,33.366945,33366944.554,28964.945425,28.964945,297
1603,BALLYLORAN,WARDS 1993,1:50000,Larne,0.294821,294820.86345,3031.733007,3.031733,298
1604,BLACKCAVE,WARDS 1993,1:50000,Larne,0.910622,910622.398043,4703.686443,4.703686,299
1605,CARNCASTLE,WARDS 1993,1:50000,Larne,9.078047,9078046.7148,18234.711405,18.234711,300
1606,CARNLOUGH,WARDS 1993,1:50000,Larne,58.27326,58273259.5232,41567.982933,41.567983,301
1608,CRAIGY HILL,WARDS 1993,1:50000,Larne,0.277484,277484.468999,2271.805713,2.271806,302
1609,GARDENMORE,WARDS 1993,1:50000,Larne,1.212062,1212061.66879,5389.171778,5.389172,303
1610,GLENARM,WARDS 1993,1:50000,Larne,107.191879,107191879.333,54709.427901,54.709428,304
1611,GLYNN,WARDS 1993,1:50000,Larne,35.049835,35049834.7121,33073.942078,33.073942,305
1612,HARBOUR,WARDS 1993,1:50000,Larne,3.132664,3132664.35096,11531.554412,11.531554,306
1613,ISLAND MAGEE,WARDS 1993,1:50000,Larne,31.739027,31739027.3265,30444.197929,30.444198,307
1614,KILWAUGHTER,WARDS 1993,1:50000,Larne,65.87248,65872479.6844,49915.375346,49.915375,308
1615,TOWN PARKS,WARDS 1993,1:50000,Larne,0.448689,448688.509461,3160.420525,3.160421,309
1616,CENTRAL,WARDS 1993,1:50000,Larne,1.016775,1016775.04982,6246.257402,6.246257,310
1701,AGHANLOO,WARDS 1993,1:50000,Limavady,76.13027,76130269.7486,39393.922296,39.393922,311
1702,BALLYKELLY,WARDS 1993,1:50000,Limavady,20.484337,20484336.9406,30855.643048,30.855643,312
1703,ENAGH,WARDS 1993,1:50000,Limavady,0.740026,740026.024657,4298.552743,4.298553,313
1704,COOLESSAN,WARDS 1993,1:50000,Limavady,0.830344,830343.53747,4323.073172,4.323073,314
1705,DUNGIVEN,WARDS 1993,1:50000,Limavady,2.378315,2378314.71935,8831.736675,8.831737,315
1707,FEENY,WARDS 1993,1:50000,Limavady,94.49871,94498709.8654,64514.640068,64.51464,316
1708,FOREST,WARDS 1993,1:50000,Limavady,38.891277,38891277.0201,38558.497035,38.558497,317
1709,GLACK,WARDS 1993,1:50000,Limavady,56.124068,56124068.4933,41639.180899,41.639181,318
1710,GRESTEEL,WARDS 1993,1:50000,Limavady,19.478957,19478957.148,32753.493768,32.753494,319
1711,MAGILLIGAN,WARDS 1993,1:50000,Limavady,78.85952,78859520.074,52539.142954,52.539143,320
1712,RATHBRADY,WARDS 1993,1:50000,Limavady,0.793886,793886.341301,4047.852365,4.047852,321
1713,ROESIDE,WARDS 1993,1:50000,Limavady,1.341951,1341950.62104,6622.731639,6.622732,322
1714,THE HIGHLANDS,WARDS 1993,1:50000,Limavady,57.328169,57328169.1039,48834.342615,48.834343,323
1715,UPPER GLENSHANE,WARDS 1993,1:50000,Limavady,138.162702,138162702.329,63161.738751,63.161739,324
1717,GREYSTONE,WARDS 1993,1:50000,Limavady,0.300867,300866.694577,3021.988017,3.021988,325
1801,BALLYMACASH,WARDS 1993,1:50000,Lisburn,1.902417,1902417.32668,7608.969419,7.608969,326
1802,BALLYMACBRENNAN,WARDS 1993,1:50000,Lisburn,69.938285,69938284.5654,46622.588435,46.622588,327
1803,BALLYMACOSS,WARDS 1993,1:50000,Lisburn,14.08071,14080710.3588,20086.75706,20.086757,328
1804,BLARIS,WARDS 1993,1:50000,Lisburn,8.802902,8802902.18413,16228.188691,16.228189,329
1805,COLLIN GLEN,WARDS 1993,1:50000,Lisburn,9.347747,9347747.39231,17586.028669,17.586029,330
1806,DERRYAGHY,WARDS 1993,1:50000,Lisburn,5.117762,5117761.62989,11934.558363,11.934558,331
1807,DROMARA,WARDS 1993,1:50000,Lisburn,45.251025,45251025.022,38271.220535,38.271221,332
1808,DRUMBO,WARDS 1993,1:50000,Lisburn,25.14884,25148839.913,28906.036488,28.906036,333
1809,DUNMURRY,WARDS 1993,1:50000,Lisburn,1.45486,1454860.22915,6117.858496,6.117858,334
1810,GLENAVY,WARDS 1993,1:50000,Lisburn,78.546339,78546339.4176,61095.899499,61.095899,335
1811,HARMONY HILL,WARDS 1993,1:50000,Lisburn,0.926834,926834.210347,5530.388648,5.530389,336
1812,HILDEN,WARDS 1993,1:50000,Lisburn,1.070589,1070588.94279,5605.796148,5.605796,337
1813,HILLHALL,WARDS 1993,1:50000,Lisburn,6.813425,6813425.41882,13799.152759,13.799153,338
1814,HILLSBOROUGH,WARDS 1993,1:50000,Lisburn,29.906086,29906085.6075,32499.292616,32.499293,339
1815,KILWEE,WARDS 1993,1:50000,Lisburn,0.984152,984152.333828,4306.456997,4.306457,340
1816,KNOCKMORE,WARDS 1993,1:50000,Lisburn,4.347771,4347771.39903,12644.66939,12.644669,341
1817,LAGAN VALLEY,WARDS 1993,1:50000,Lisburn,1.056445,1056445.02715,5366.277799,5.366278,342
1818,LAMBEG,WARDS 1993,1:50000,Lisburn,4.162609,4162608.64612,10036.680269,10.03668,343
1819,LISNAGARVY,WARDS 1993,1:50000,Lisburn,0.708356,708356.198397,4490.357032,4.490357,344
1821,MAGHERALAVE,WARDS 1993,1:50000,Lisburn,1.745779,1745778.53035,6548.449487,6.548449,345
1822,MAZE,WARDS 1993,1:50000,Lisburn,15.816304,15816303.9304,23769.675245,23.769675,346
1823,MOIRA,WARDS 1993,1:50000,Lisburn,17.396651,17396651.2839,30617.550816,30.617551,347
1824,OLD WARREN,WARDS 1993,1:50000,Lisburn,0.740714,740713.603529,4387.426538,4.387427,348
1825,SEYMOUR HILL,WARDS 1993,1:50000,Lisburn,0.923478,923478.119509,4633.485425,4.633485,349
1826,TONAGH,WARDS 1993,1:50000,Lisburn,0.494334,494334.421355,3959.755567,3.959756,350
1827,TWINBROOK,WARDS 1993,1:50000,Lisburn,0.578639,578638.569397,3158.890865,3.158891,351
1828,WALLACE PARK,WARDS 1993,1:50000,Lisburn,1.721495,1721494.92774,5577.895461,5.577895,352
1830,BALLINDERRY,WARDS 1993,1:50000,Lisburn,57.732613,57732613.4697,45717.560305,45.71756,353
1831,MAGHABERRY,WARDS 1993,1:50000,Lisburn,39.2006,39200600.3823,38026.391189,38.026391,354
1832,POLEGLASS,WARDS 1993,1:50000,Lisburn,0.775439,775439.079254,3566.113448,3.566113,355
1901,ALTNAGELVIN,WARDS 1993,1:50000,Derry,3.178622,3178622.11459,9518.213137,9.518213,356
1902,BALLYNASHALLOG,WARDS 1993,1:50000,Derry,2.780803,2780803.3161,9346.030137,9.34603,357
1903,BANAGHER,WARDS 1993,1:50000,Derry,121.139227,121139226.705,65371.939868,65.37194,358
1904,BEECHWOOD,WARDS 1993,1:50000,Derry,0.409872,409872.144578,3193.893228,3.193893,359
1905,BRANDYWELL,WARDS 1993,1:50000,Derry,0.663762,663761.949191,4723.807301,4.723807,360
1906,CARN HILL,WARDS 1993,1:50000,Derry,0.929401,929401.254452,4732.49965,4.7325,361
1907,CAW,WARDS 1993,1:50000,Derry,1.252098,1252097.99914,6835.999688,6.836,362
1908,CLAUDY,WARDS 1993,1:50000,Derry,82.670533,82670532.6229,49477.418225,49.477418,363
1909,CLONDERMOT,WARDS 1993,1:50000,Derry,1.191028,1191028.15213,6079.282344,6.079282,364
1910,VICTORIA,WARDS 1993,1:50000,Derry,0.994644,994644.411182,5784.696592,5.784697,365
1911,CREGGAN CENTRAL,WARDS 1993,1:50000,Derry,0.970889,970888.554733,4667.954872,4.667955,366
1912,CREGGAN SOUTH,WARDS 1993,1:50000,Derry,0.753037,753037.004191,3917.11016,3.91711,367
1914,CULMORE,WARDS 1993,1:50000,Derry,9.719688,9719688.07755,18473.481425,18.473481,368
1915,EBRINGTON,WARDS 1993,1:50000,Derry,1.564566,1564566.47948,5508.144492,5.508144,369
1916,EGLINTON,WARDS 1993,1:50000,Derry,29.099994,29099994.3891,29295.113392,29.295113,370
1917,ENAGH,WARDS 1993,1:50000,Derry,31.145845,31145845.4952,27937.179936,27.93718,371
1920,LISNAGELVIN,WARDS 1993,1:50000,Derry,0.797608,797608.06653,4419.889395,4.419889,372
1921,NEW BUILDINGS,WARDS 1993,1:50000,Derry,5.200305,5200304.52301,11627.919548,11.62792,373
1922,PENNYBURN,WARDS 1993,1:50000,Derry,2.15346,2153460.42802,7217.855953,7.217856,374
1923,ROSEMOUNT,WARDS 1993,1:50000,Derry,0.409348,409347.921473,3483.499922,3.4835,375
1924,SHANTALLOW EAST,WARDS 1993,1:50000,Derry,0.41317,413170.357527,2864.390766,2.864391,376
1925,SHANTALLOW WEST,WARDS 1993,1:50000,Derry,5.836053,5836053.43433,10598.30134,10.598301,377
1927,STRAND,WARDS 1993,1:50000,Derry,1.219185,1219185.46436,5763.52732,5.763527,378
1928,THE DIAMOND,WARDS 1993,1:50000,Derry,0.834131,834131.149813,4444.2332,4.444233,379
1930,WESTLAND,WARDS 1993,1:50000,Derry,0.323424,323424.094608,3142.740005,3.14274,380
1932,CREVAGH,WARDS 1993,1:50000,Derry,26.111419,26111418.8204,27540.115521,27.540116,381
1933,FOYLE SPRINGS,WARDS 1993,1:50000,Derry,1.03579,1035790.28945,4226.552994,4.226553,382
1934,HOLLY MOUNT,WARDS 1993,1:50000,Derry,52.712119,52712118.9556,43018.024619,43.018025,383
1935,KILFENNAN,WARDS 1993,1:50000,Derry,0.807322,807322.075292,4283.011497,4.283011,384
1936,SPRINGTOWN,WARDS 1993,1:50000,Derry,1.09359,1093589.72444,4759.160132,4.75916,385
2001,BALLYMAGUIGAN,WARDS 1993,1:50000,Magherafelt,40.870144,40870143.9752,34436.550191,34.43655,386
2002,BELLAGHY,WARDS 1993,1:50000,Magherafelt,28.166084,28166083.6985,24875.371834,24.875372,387
2003,CASTLEDAWSON,WARDS 1993,1:50000,Magherafelt,14.692583,14692583.145,21367.596813,21.367597,388
2004,DRAPERSTOWN,WARDS 1993,1:50000,Magherafelt,52.662031,52662031.4637,44491.644111,44.491644,389
2005,GULLADUFF,WARDS 1993,1:50000,Magherafelt,36.520385,36520385.2889,37609.03862,37.609039,390
2006,KNOCKCLOGHRIM,WARDS 1993,1:50000,Magherafelt,41.245064,41245063.6073,43259.564092,43.259564,391
2007,LECUMPHER,WARDS 1993,1:50000,Magherafelt,66.093562,66093562.3155,43071.02711,43.071027,392
2008,LOWER GLENSHANE,WARDS 1993,1:50000,Magherafelt,82.077187,82077187.4709,54024.345649,54.024346,393
2009,MAGHERA,WARDS 1993,1:50000,Magherafelt,1.957288,1957287.52032,7510.203484,7.510203,394
2010,SWATRAGH,WARDS 1993,1:50000,Magherafelt,68.875849,68875848.8187,47721.606984,47.721607,395
2011,TOBERMORE,WARDS 1993,1:50000,Magherafelt,60.458074,60458074.4651,49775.298645,49.775299,396
2012,TOWN PARKS EAST,WARDS 1993,1:50000,Magherafelt,1.158938,1158937.97055,5882.22522,5.882225,397
2013,TOWN PARKS WEST,WARDS 1993,1:50000,Magherafelt,1.625999,1625999.41548,7869.868881,7.869869,398
2014,UPPERLANDS,WARDS 1993,1:50000,Magherafelt,37.354823,37354822.9908,36088.990433,36.08899,399
2015,GLEBE,WARDS 1993,1:50000,Magherafelt,1.998551,1998550.6281,7964.388033,7.964388,400
2016,VALLEY,WARDS 1993,1:50000,Magherafelt,36.634638,36634638.0703,32182.675696,32.182676,401
2101,ARMOY,WARDS 1993,1:50000,Moyle,27.958731,27958731.0226,27731.62203,27.731622,402
2102,BALLYLOUGH,WARDS 1993,1:50000,Moyle,12.516943,12516942.5659,18200.63966,18.20064,403
2104,BUSHMILLS,WARDS 1993,1:50000,Moyle,8.502621,8502620.65091,22584.946596,22.584947,404
2105,CARNMOON,WARDS 1993,1:50000,Moyle,30.880178,30880178.4857,32645.340129,32.64534,405
2106,DALRIADA,WARDS 1993,1:50000,Moyle,0.832587,832587.070681,4443.258969,4.443259,406
2103,BONAMARGY AND RATHLIN,WARDS 1993,1:50000,Moyle,16.669797,16669796.725,38335.703578,38.335704,407
2107,DUNSEVERICK,WARDS 1993,1:50000,Moyle,37.389403,37389403.3793,38488.024405,38.488024,408
2108,GLENAAN,WARDS 1993,1:50000,Moyle,15.93837,15938370.3724,20888.327374,20.888327,409
2109,GLENARIFF,WARDS 1993,1:50000,Moyle,53.026764,53026763.9553,40463.048183,40.463048,410
2110,GLENDUN,WARDS 1993,1:50000,Moyle,89.190712,89190712.4069,44403.54801,44.403548,411
2111,GLENSHESK,WARDS 1993,1:50000,Moyle,120.815341,120815341.489,66219.442024,66.219442,412
2112,GLENTAISIE,WARDS 1993,1:50000,Moyle,0.619828,619828.32339,4115.698084,4.115698,413
2113,KINBANE,WARDS 1993,1:50000,Moyle,38.389693,38389693.077,34533.908557,34.533909,414
2114,KNOCKLAYD,WARDS 1993,1:50000,Moyle,1.64419,1644189.92239,6452.479975,6.45248,415
2115,MOSS-SIDE AND MOYARGET,WARDS 1993,1:50000,Moyle,39.886403,39886402.6996,37040.29102,37.040291,416
2301,ABBEY,WARDS 1993,1:50000,Newtownabbey,1.882383,1882383.38194,9279.687472,9.279687,417
2302,BALLYCLARE NORTH,WARDS 1993,1:50000,Newtownabbey,1.785642,1785642.38437,7673.81376,7.673814,418
2303,BALLYCLARE SOUTH,WARDS 1993,1:50000,Newtownabbey,1.775835,1775834.99587,7410.917369,7.410917,419
2304,BALLYDUFF,WARDS 1993,1:50000,Newtownabbey,0.517962,517961.556676,3156.532984,3.156533,420
2305,BALLYHENRY,WARDS 1993,1:50000,Newtownabbey,0.890685,890684.759091,5242.241444,5.242241,421
2306,BALLYNURE,WARDS 1993,1:50000,Newtownabbey,45.403777,45403777.1121,46134.174681,46.134175,422
2308,BURNTHILL,WARDS 1993,1:50000,Newtownabbey,0.478539,478539.498192,2994.818251,2.994818,423
2309,CARNMONEY,WARDS 1993,1:50000,Newtownabbey,0.857472,857471.993791,5403.631425,5.403631,424
2310,CLOUGHFERN,WARDS 1993,1:50000,Newtownabbey,3.297562,3297561.88956,8029.020351,8.02902,425
2311,COLLINBRIDGE,WARDS 1993,1:50000,Newtownabbey,4.478271,4478270.83738,9320.55644,9.320556,426
2312,COOLE,WARDS 1993,1:50000,Newtownabbey,0.491878,491877.833031,3004.036078,3.004036,427
2313,DOAGH,WARDS 1993,1:50000,Newtownabbey,27.060163,27060162.9208,28957.862824,28.957863,428
2314,DUNANNEY,WARDS 1993,1:50000,Newtownabbey,0.662262,662261.552259,3969.633693,3.969634,429
2315,GLEBE,WARDS 1993,1:50000,Newtownabbey,0.87971,879709.578729,5173.884492,5.173884,430
2316,GLENGORMLEY,WARDS 1993,1:50000,Newtownabbey,0.507265,507265.460469,4406.765693,4.406766,431
2317,HAWTHORNE,WARDS 1993,1:50000,Newtownabbey,0.738902,738902.317512,4076.902881,4.076903,432
2318,HIGHTOWN,WARDS 1993,1:50000,Newtownabbey,0.574471,574471.055535,3585.885583,3.585886,433
2319,JORDANSTOWN,WARDS 1993,1:50000,Newtownabbey,1.87638,1876379.7109,8275.873223,8.275873,434
2320,MALLUSK,WARDS 1993,1:50000,Newtownabbey,23.638174,23638173.5693,23299.998743,23.299999,435
2321,MONKSTOWN,WARDS 1993,1:50000,Newtownabbey,1.447223,1447222.72769,5783.319669,5.78332,436
2322,MOSSLEY,WARDS 1993,1:50000,Newtownabbey,1.432788,1432787.83912,5931.206708,5.931207,437
2323,ROSTULLA,WARDS 1993,1:50000,Newtownabbey,1.940696,1940696.36283,6093.535733,6.093536,438
2324,VALLEY,WARDS 1993,1:50000,Newtownabbey,1.908581,1908581.36692,8034.685945,8.034686,439
2325,WHITEHOUSE,WARDS 1993,1:50000,Newtownabbey,0.71582,715819.725827,4015.352019,4.015352,440
2327,BALLYROBERT,WARDS 1993,1:50000,Newtownabbey,25.4467,25446700.1141,26929.641503,26.929642,441
2401,BALLYHOLME,WARDS 1993,1:50000,North Down,0.790491,790491.48141,5573.634904,5.573635,442
2402,BALLYMACONNELL,WARDS 1993,1:50000,North Down,2.248884,2248884.11959,7246.149244,7.246149,443
2403,BALLYMAGEE,WARDS 1993,1:50000,North Down,0.752933,752933.139791,4071.805536,4.071806,444
2404,BANGOR CASTLE,WARDS 1993,1:50000,North Down,1.671071,1671070.534,5709.40042,5.7094,445
2406,BROADWAY,WARDS 1993,1:50000,North Down,1.126156,1126155.81686,4688.605156,4.688605,446
2407,BRYANSBURN,WARDS 1993,1:50000,North Down,0.679182,679181.981777,4476.244439,4.476244,447
2408,CHURCHILL,WARDS 1993,1:50000,North Down,0.807312,807311.566866,4908.01822,4.908018,448
2409,CLANDEBOYE,WARDS 1993,1:50000,North Down,6.671501,6671501.44085,12384.602209,12.384602,449
2410,CONLIG,WARDS 1993,1:50000,North Down,9.009709,9009709.06172,17106.412777,17.106413,450
2411,CRAIGAVAD,WARDS 1993,1:50000,North Down,19.274662,19274662.2935,23301.180279,23.30118,451
2412,CRAWFORDSBURN,WARDS 1993,1:50000,North Down,6.404279,6404278.93537,12991.433832,12.991434,452
2413,CULTRA,WARDS 1993,1:50000,North Down,6.487287,6487287.33607,13406.017636,13.406018,453
2414,DUFFERIN,WARDS 1993,1:50000,North Down,0.841345,841344.70801,4284.639323,4.284639,454
2415,GROOMSPORT,WARDS 1993,1:50000,North Down,7.283354,7283353.88141,17163.572704,17.163573,455
2416,HARBOUR,WARDS 1993,1:50000,North Down,0.714112,714112.183153,4986.991664,4.986992,456
2417,HOLYWOOD DEMESNE,WARDS 1993,1:50000,North Down,1.800922,1800921.52026,8633.223781,8.633224,457
2418,HOLYWOOD PRIORY,WARDS 1993,1:50000,North Down,4.504998,4504997.82556,11497.166601,11.497167,458
2419,LOUGHVIEW,WARDS 1993,1:50000,North Down,3.388212,3388211.55831,11222.970488,11.22297,459
2420,PRINCETOWN,WARDS 1993,1:50000,North Down,1.557935,1557935.13987,6270.426142,6.270426,460
2421,RATHGAEL,WARDS 1993,1:50000,North Down,0.511379,511379.014026,3728.897775,3.728898,461
2422,SILVERSTREAM,WARDS 1993,1:50000,North Down,0.542417,542417.373092,3075.66425,3.075664,462
2423,SPRING HILL,WARDS 1993,1:50000,North Down,1.007356,1007356.39709,4621.915888,4.621916,463
2424,WHITEHILL,WARDS 1993,1:50000,North Down,0.44144,441439.699003,3360.245993,3.360246,464
2425,BLOOMFIELD,WARDS 1993,1:50000,North Down,1.454793,1454792.79118,5712.362733,5.712363,465
2426,BALLYCROCHAN,WARDS 1993,1:50000,North Down,1.568799,1568798.85593,7022.554364,7.022554,466
2501,BERAGH,WARDS 1993,1:50000,Omagh,60.944973,60944973.0765,46554.023157,46.554023,467
2502,CAMOWEN,WARDS 1993,1:50000,Omagh,1.763363,1763363.31137,7600.667801,7.600668,468
2503,CLANABOGAN,WARDS 1993,1:50000,Omagh,87.807455,87807455.3126,56927.762125,56.927762,469
2504,COOLNAGARD,WARDS 1993,1:50000,Omagh,2.228341,2228341.41155,7412.724534,7.412725,470
2505,DERGMONEY,WARDS 1993,1:50000,Omagh,1.397686,1397686.49618,6418.219902,6.41822,471
2506,DROMORE,WARDS 1993,1:50000,Omagh,40.272518,40272517.8616,40555.374106,40.555374,472
2507,DRUMNAKILLY,WARDS 1993,1:50000,Omagh,73.395347,73395346.938,51886.044164,51.886044,473
2508,DRUMQUIN,WARDS 1993,1:50000,Omagh,133.172948,133172947.702,74318.033889,74.318034,474
2509,DRUMRAGH,WARDS 1993,1:50000,Omagh,4.054766,4054766.2388,11401.170288,11.40117,475
2510,FAIRY WATER,WARDS 1993,1:50000,Omagh,94.134587,94134586.5856,53212.990307,53.21299,476
2511,FINTONA,WARDS 1993,1:50000,Omagh,38.705976,38705975.8417,36499.913488,36.499913,477
2512,GORTIN,WARDS 1993,1:50000,Omagh,90.428111,90428110.8225,53549.641708,53.549642,478
2513,GORTRUSH,WARDS 1993,1:50000,Omagh,2.387772,2387771.6567,8740.269163,8.740269,479
2514,KILLYCLOGHER,WARDS 1993,1:50000,Omagh,2.175283,2175282.67848,8838.949216,8.838949,480
2515,LISANELLY,WARDS 1993,1:50000,Omagh,1.825442,1825442.47711,8313.61018,8.31361,481
2516,NEWTOWNSAVILLE,WARDS 1993,1:50000,Omagh,71.537689,71537688.8405,53422.833748,53.422834,482
2517,OWENKILLEW,WARDS 1993,1:50000,Omagh,174.980646,174980646.326,64363.871238,64.363871,483
2518,SIXMILECROSS,WARDS 1993,1:50000,Omagh,78.567686,78567685.5808,55168.736022,55.168736,484
2519,STRULE,WARDS 1993,1:50000,Omagh,1.727091,1727091.39491,8422.132294,8.422132,485
2520,TERMON,WARDS 1993,1:50000,Omagh,84.450776,84450776.1161,53290.722666,53.290723,486
2521,TRILLICK,WARDS 1993,1:50000,Omagh,83.938646,83938645.9503,49234.158013,49.234158,487
2601,ARTIGARVAN,WARDS 1993,1:50000,Strabane,46.813904,46813904.1854,37104.451472,37.104451,488
2606,FINN,WARDS 1993,1:50000,Strabane,38.114125,38114125.4773,41892.996451,41.892996,489
2602,CASTLEDERG,WARDS 1993,1:50000,Strabane,5.443372,5443372.34161,14163.333769,14.163334,490
2603,CLARE,WARDS 1993,1:50000,Strabane,89.655291,89655290.7602,58423.510323,58.42351,491
2604,DUNNAMANAGH,WARDS 1993,1:50000,Strabane,94.344682,94344682.2584,60759.103948,60.759104,492
2605,EAST,WARDS 1993,1:50000,Strabane,0.86103,861029.782134,5651.993908,5.651994,493
2607,GLENDERG,WARDS 1993,1:50000,Strabane,170.941702,170941702.358,76293.968323,76.293968,494
2608,NEWTOWNSTEWART,WARDS 1993,1:50000,Strabane,47.550442,47550442.069,36365.287827,36.365288,495
2609,NORTH,WARDS 1993,1:50000,Strabane,4.785188,4785187.79897,10539.888142,10.539888,496
2610,PLUMBRIDGE,WARDS 1993,1:50000,Strabane,205.020741,205020740.705,97797.543802,97.797544,497
2611,SION MILLS,WARDS 1993,1:50000,Strabane,6.945795,6945795.34393,16941.923741,16.941924,498
2612,SLIEVEKIRK,WARDS 1993,1:50000,Strabane,66.069404,66069404.0459,43477.404867,43.477405,499
2613,SOUTH,WARDS 1993,1:50000,Strabane,1.679099,1679099.3148,6152.926848,6.152927,500
2614,VICTORIA BRIDGE,WARDS 1993,1:50000,Strabane,81.541875,81541874.8923,55203.255223,55.203255,501
2615,WEST,WARDS 1993,1:50000,Strabane,1.307851,1307850.51675,5874.822046,5.874822,502
2617,BALLYCOLMAN,WARDS 1993,1:50000,Strabane,0.57446,574459.846621,3329.574164,3.329574,503
312,KILLEEN,WARDS 1993,1:50000,Armagh,62.377342,62377342.0072,50766.777249,50.766777,504
313,KILLYLEA,WARDS 1993,1:50000,Armagh,63.991428,63991427.7966,46881.098375,46.881098,505
314,LAURELVALE,WARDS 1993,1:50000,Armagh,15.150069,15150069.3787,26679.072033,26.679072,506
316,MARKETHILL,WARDS 1993,1:50000,Armagh,31.807595,31807595.0677,32229.125694,32.229126,507
317,MILFORD,WARDS 1993,1:50000,Armagh,44.275305,44275304.542,38285.536034,38.285536,508
318,OBSERVATORY,WARDS 1993,1:50000,Armagh,4.132153,4132152.90112,10405.228543,10.405229,509
319,POYNTZ PASS,WARDS 1993,1:50000,Armagh,59.455584,59455583.907,43520.829427,43.520829,510
320,RICH HILL,WARDS 1993,1:50000,Armagh,5.076974,5076974.25312,11803.123956,11.803124,511
322,THE MALL,WARDS 1993,1:50000,Armagh,1.185555,1185555.28374,5584.149351,5.584149,512
601,BALLYDOWN,WARDS 1993,1:50000,Banbridge,7.945534,7945533.8238,14942.577281,14.942577,513
602,BANBRIDGE WEST,WARDS 1993,1:50000,Banbridge,1.31865,1318650.24361,5370.242772,5.370243,514
603,BANNSIDE,WARDS 1993,1:50000,Banbridge,71.193538,71193538.4766,49112.754199,49.112754,515
607,EDENDERRY,WARDS 1993,1:50000,Banbridge,0.935228,935228.029362,6040.917239,6.040917,516
608,FORT,WARDS 1993,1:50000,Banbridge,1.226749,1226749.13721,6276.297806,6.276298,517
611,KATESBRIDGE,WARDS 1993,1:50000,Banbridge,71.874284,71874283.5598,50797.954347,50.797954,518
613,LOUGHBRICKLAND,WARDS 1993,1:50000,Banbridge,41.949349,41949349.4934,32528.642226,32.528642,519
615,SEAPATRICK,WARDS 1993,1:50000,Banbridge,3.888381,3888380.59473,8885.378937,8.885379,520
617,BALLYWARD,WARDS 1993,1:50000,Banbridge,86.532663,86532663.4367,59282.876216,59.282876,521
619,RATHFRILAND,WARDS 1993,1:50000,Banbridge,6.185225,6185224.83108,12788.781193,12.788781,522
620,THE CUT,WARDS 1993,1:50000,Banbridge,0.735834,735834.144157,5204.061051,5.204061,523
1302,AUDLEYS ACRE,WARDS 1993,1:50000,Down,1.827576,1827576.33228,6570.333459,6.570333,524
1305,CASTLEWELLAN,WARDS 1993,1:50000,Down,23.121553,23121552.5917,31170.5047,31.170505,525
1306,CATHEDRAL,WARDS 1993,1:50000,Down,5.569873,5569872.52857,13760.930171,13.76093,526
1309,DONARD,WARDS 1993,1:50000,Down,10.1187,10118700.4829,15028.440755,15.028441,527
1311,DUNDRUM,WARDS 1993,1:50000,Down,24.156364,24156363.5844,26686.83556,26.686836,528
1314,KILLOUGH,WARDS 1993,1:50000,Down,58.696433,58696432.5892,51478.67887,51.478679,529
1317,MURLOUGH,WARDS 1993,1:50000,Down,12.143969,12143969.3316,21268.155772,21.268156,530
1318,QUOILE,WARDS 1993,1:50000,Down,12.505151,12505150.8763,20614.245311,20.614245,531
1320,SEAFORDE,WARDS 1993,1:50000,Down,73.292605,73292605.2769,52262.962403,52.262962,532
1321,SHIMNA,WARDS 1993,1:50000,Down,1.340253,1340253.28441,6036.362442,6.036362,533
1322,STRANGFORD,WARDS 1993,1:50000,Down,78.419597,78419596.7114,49562.675035,49.562675,534
1323,TOLLYMORE,WARDS 1993,1:50000,Down,69.063755,69063754.9549,45457.927804,45.457928,535
1325,BALLYMOTE,WARDS 1993,1:50000,Down,3.646497,3646497.43885,10288.144091,10.288144,536
1504,"BOHO, CLEENISH and LETTERBREEN",WARDS 1993,1:50000,Fermanagh,139.861651,139861651.316,78675.807488,78.675807,537
1505,BROOKEBOROUGH,WARDS 1993,1:50000,Fermanagh,123.972197,123972197.434,75021.603082,75.021603,538
1506,CASTLECOOLE,WARDS 1993,1:50000,Fermanagh,6.836279,6836279.47611,15790.329708,15.79033,539
1508,DERRYLIN,WARDS 1993,1:50000,Fermanagh,105.675481,105675481.197,54069.113618,54.069114,540
1509,DEVENISH,WARDS 1993,1:50000,Fermanagh,4.287491,4287491.13599,12067.035101,12.067035,541
1510,DONAGH,WARDS 1993,1:50000,Fermanagh,109.234843,109234842.667,64714.680118,64.71468,542
1512,ERNE,WARDS 1993,1:50000,Fermanagh,6.471725,6471725.29879,14453.979251,14.453979,543
1513,FLORENCE COURT AND KINAWLEY,WARDS 1993,1:50000,Fermanagh,163.885897,163885896.908,76567.020221,76.56702,544
1517,LISBELLAW,WARDS 1993,1:50000,Fermanagh,52.147901,52147900.7184,42360.965234,42.360965,545
1518,LISNASKEA,WARDS 1993,1:50000,Fermanagh,5.563214,5563213.8987,11330.941924,11.330942,546
1519,MAGUIRES BRIDGE,WARDS 1993,1:50000,Fermanagh,88.721796,88721795.9849,57190.218878,57.190219,547
1520,NEWTOWNBUTLER,WARDS 1993,1:50000,Fermanagh,90.90223,90902229.6094,85367.54772,85.367548,548
1521,ROSSLEA,WARDS 1993,1:50000,Fermanagh,95.442657,95442656.6089,53397.452682,53.397453,549
1522,ROSSORRY,WARDS 1993,1:50000,Fermanagh,5.750315,5750315.4419,14824.899614,14.8249,550
1527,PORTORA,WARDS 1993,1:50000,Fermanagh,4.142362,4142362.28336,14189.896291,14.189896,551
2201,ANNALONG,WARDS 1993,1:50000,Newry and Mourne,38.534393,38534392.9292,28441.835461,28.441835,552
2202,BALLYBOT,WARDS 1993,1:50000,Newry and Mourne,1.355504,1355503.5383,6116.616639,6.116617,553
2204,BESSBROOK,WARDS 1993,1:50000,Newry and Mourne,6.242492,6242491.50484,13927.041019,13.927041,554
2205,BINNIAN,WARDS 1993,1:50000,Newry and Mourne,65.604654,65604654.0643,44298.370818,44.298371,555
2206,CAMLOUGH,WARDS 1993,1:50000,Newry and Mourne,38.412682,38412681.5626,41820.518443,41.820518,556
2207,CLONALLAN,WARDS 1993,1:50000,Newry and Mourne,2.642233,2642232.61452,10130.797021,10.130797,557
2208,CREGGAN,WARDS 1993,1:50000,Newry and Mourne,60.009125,60009125.2683,49519.077844,49.519078,558
2209,CROSSMAGLEN,WARDS 1993,1:50000,Newry and Mourne,18.345934,18345934.1543,21871.149275,21.871149,559
2210,DAISY HILL,WARDS 1993,1:50000,Newry and Mourne,1.50719,1507190.02551,6320.740106,6.32074,560
2211,DERRYMORE,WARDS 1993,1:50000,Newry and Mourne,7.39088,7390880.40624,12763.453692,12.763454,561
2213,DRUMALANE,WARDS 1993,1:50000,Newry and Mourne,2.016631,2016631.3313,7013.574666,7.013575,562
2214,DRUMGULLION,WARDS 1993,1:50000,Newry and Mourne,1.507847,1507847.06006,7047.479012,7.047479,563
2215,FATHOM,WARDS 1993,1:50000,Newry and Mourne,26.458353,26458352.8746,28335.036313,28.335036,564
2216,FORKHILL,WARDS 1993,1:50000,Newry and Mourne,43.867878,43867877.7358,34747.270048,34.74727,565
2217,KILKEEL CENTRAL,WARDS 1993,1:50000,Newry and Mourne,6.278903,6278903.15905,16282.867221,16.282867,566
2218,KILKEEL SOUTH,WARDS 1993,1:50000,Newry and Mourne,4.500517,4500516.98598,11336.376253,11.336376,567
2219,LISNACREE,WARDS 1993,1:50000,Newry and Mourne,79.525268,79525268.3699,47488.293579,47.488294,568
2220,MAYOBRIDGE,WARDS 1993,1:50000,Newry and Mourne,54.781411,54781410.7209,39529.784539,39.529785,569
2221,NEWTOWNHAMILTON,WARDS 1993,1:50000,Newry and Mourne,77.316945,77316945.1847,48023.540623,48.023541,570
2222,DONAGHMORE,WARDS 1993,1:50000,Newry and Mourne,65.947448,65947447.955,50961.218196,50.961218,571
2223,ROSTREVOR,WARDS 1993,1:50000,Newry and Mourne,32.335205,32335204.7174,31589.042231,31.589042,572
2224,SEAVIEW,WARDS 1993,1:50000,Newry and Mourne,1.288342,1288341.98647,5955.296994,5.955297,573
2225,SILVER BRIDGE,WARDS 1993,1:50000,Newry and Mourne,56.7186,56718599.823,44801.758657,44.801759,574
2226,SPELGA,WARDS 1993,1:50000,Newry and Mourne,79.031467,79031466.7381,44677.295508,44.677296,575
2227,ST MARY'S,WARDS 1993,1:50000,Newry and Mourne,1.989063,1989063.19976,6561.129719,6.56113,576
2228,ST PATRICK'S,WARDS 1993,1:50000,Newry and Mourne,1.622851,1622851.01599,6204.602748,6.204603,577
2229,TULLYHAPPY,WARDS 1993,1:50000,Newry and Mourne,64.934707,64934706.8816,48776.899442,48.776899,578
2230,WINDSOR HILL,WARDS 1993,1:50000,Newry and Mourne,1.565233,1565232.54955,7824.527873,7.824528,579
2232,BURREN AND KILBRONEY,WARDS 1993,1:50000,Newry and Mourne,46.521042,46521041.8349,41564.065533,41.564066,580
2233,DERRYLECKAGH,WARDS 1993,1:50000,Newry and Mourne,14.915798,14915798.1072,23681.216111,23.681216,581
1301,ARDGLASS,WARDS 1993,1:50000,Down,35.024636,35024636.1357,42309.942063,42.309942,582
