"Month.Lodge","Auckland","Bay of Plenty","Canterbury","Gisborne","Hawke's Bay","Manawatu-Wanganui","Marlborough","National","Nelson","Northland","Otago","Southland","Taranaki","Tasman","Waikato","Wellington","West Coast"
"1993-01-01",183.883812207327,133.572472391449,138.234628727549,118.705046316146,128.317660788509,132.025373736641,131.269015798333,146.037643711178,144.130841560668,117.430714804645,132.142507491146,91.6112282271491,118.161059378184,127.90814112371,126.063748139528,158.581584644629,98.001626087604
"1993-02-01",183.238992335077,134.573378668864,141.491608045041,118.151895102719,131.313795276409,131.702427428367,125.167948377973,148.675941548841,147.052469635695,118.388332743977,145.394482501933,96.8630739182254,114.519289179937,134.802269919768,126.483656085588,163.406788360912,88.1388176589224
"1993-03-01",180.237966358295,132.510593425952,141.073907910284,115.139183285872,131.762215717155,133.875235096884,129.476043450932,148.558590136727,144.502389741173,113.486664374562,152.452334204527,88.5669851745718,131.292812046998,118.637745889117,125.817719095095,165.569320721786,99.7356537761931
"1993-04-01",183.012288285114,131.004966201461,136.119510391211,116.657093206905,132.29112825055,130.297499705759,127.350272229058,147.922249912482,145.453614982823,117.040370416958,142.650804409851,91.9616593446105,119.766701902995,129.954477036862,124.816797028162,163.438910368846,101.820716889125
"1993-05-01",187.106464480513,134.671263134238,137.712803274446,116.604402804347,136.166373566138,123.950508585175,124.775572298636,148.566220359665,149.55711373291,116.64123157786,133.350379972053,97.6253975160369,120.246486534837,148.974801370742,127.087386875252,167.417256212607,93.9249916059205
"1993-06-01",181.23843969821,134.322514265792,140.177607342874,118.61684091375,136.105998930194,131.117635728516,125.476019453976,148.034651127483,149.404594210093,115.516944159583,124.485477552399,97.6283334619583,122.238505807952,136.136167546438,127.750415412151,165.071339981134,98.3024530357886
"1993-07-01",189.210089701976,133.441409911389,140.515270746894,124.750151885184,132.122201940093,126.207228303208,128.459559787226,149.568334370941,144.42082795776,111.420902685452,132.32941608657,96.6613170342922,117.734362630075,119.655016470576,124.393796967498,166.473044109119,99.8697134273521
"1993-08-01",188.69899367063,136.011929995124,136.472559408184,122.854114872208,137.998752819166,123.299468910626,126.918973900109,149.126428378503,147.64756365762,116.534623661944,135.95690415212,94.4697373636261,124.815946757692,138.46346668161,125.305135702303,160.105683028367,102.99215169582
"1993-09-01",187.901936963181,135.406330773052,139.873293456208,123.419697627986,143.930138855541,125.689439777257,129.822660603827,150.631228113232,149.218640142084,116.765537632199,134.870245242804,100.549039975004,120.522093148926,140.435324634745,127.192458886863,164.272534515375,90.8151424568479
"1993-10-01",190.190634932087,136.840635837755,136.581303534597,126.906772618127,135.904001964507,128.94686678436,132.140705404945,152.373094962673,150.345285410598,115.420612132945,149.547933236977,92.4183760958699,119.36197261597,132.097777324644,130.164043202522,162.431689131062,108.459300267716
"1993-11-01",188.893281577373,136.711615517908,140.824840449168,121.197565927261,138.238422675541,131.901484782351,129.308508130616,153.181107612141,153.982183223487,120.428571118344,151.443434710209,101.753099346234,123.633610635487,134.949839987761,129.590500480631,159.284499707512,108.720207989548
"1993-12-01",194.445719557779,136.29374574634,136.293375689309,129.71423194521,137.713238456302,137.507839239054,137.112288701945,156.003937140872,146.518159107569,122.318948092901,151.681725954638,108.919824642295,130.802115518882,136.855780285046,133.635814877197,170.37902951162,109.749047058468
"1994-01-01",192.846119148692,142.078669173541,143.578536889556,128.449297849024,136.532969923611,136.088291516986,133.782848242451,154.424889988364,148.153707928574,122.635772060471,140.192358565256,100.045535471423,125.861455039871,125.064967077339,130.465409021865,168.544398984507,97.9906632305394
"1994-02-01",193.148702630444,138.308706613433,144.561865850784,130.18286825142,134.451958722871,140.11756158232,125.294372579118,153.462521441582,149.961077856927,114.72447372768,145.630494550415,97.7063391404826,122.861586059932,129.740484900313,128.96120400086,171.162011850389,92.3201275640988
"1994-03-01",197.364546497235,137.011340186614,145.163604202401,124.32536306583,137.811502458291,139.731378840733,131.178816015544,155.549747611573,150.983328801279,122.046657599069,148.448817432635,100.893614249039,122.767037066984,133.724293516492,130.146562370442,169.218175423458,105.850492579922
"1994-04-01",197.075416167016,141.260096083985,143.964392350743,132.976728395385,139.251194379033,139.671285971057,129.782179424561,156.272632601595,149.784618049756,122.210174060121,140.953631774794,102.787041959034,125.656248808768,143.947121414131,127.658008428686,169.268075669,101.174367210127
"1994-05-01",201.54630525198,143.215406155862,141.586375429581,134.571363600536,141.953806871097,128.551137474803,125.594050346447,157.071575061127,151.005360912475,122.749461768011,147.474390919282,104.788299412024,123.047873688709,125.665586447379,131.253139998466,166.271938955138,100.658564595716
"1994-06-01",202.886402964605,144.26788905233,142.80644789107,128.694815364242,137.967888198227,129.144416059282,129.911192217948,156.915240154827,150.410185454649,121.416284888065,141.198219185348,99.8483326698657,127.591378965754,131.896954479616,132.751144079734,167.182468336325,111.147740469624
"1994-07-01",203.582367289493,143.248498096197,141.530642637659,133.901670873751,140.080873510346,127.103497828728,135.190219251609,157.449722950869,152.396734368667,125.107052479592,142.031701461311,101.918382087268,133.446046240099,127.040990589054,131.958288446372,165.969913351488,110.960822862405
"1994-08-01",201.450769846272,140.216430272762,141.816036083044,131.157110327749,139.678052089285,126.876473655214,132.059747156368,157.909749594744,150.999438227159,126.296197514135,138.556965059957,105.677534501152,126.433050683295,140.662323612289,134.097740085196,170.430729662384,110.11436507433
"1994-09-01",205.414236951155,143.26913042543,141.011062162241,128.021453623785,141.123504109458,130.68042804165,130.924533809361,159.388132896036,156.120655280664,124.149034252578,137.11099789969,104.796055407592,130.556445461423,141.744903718484,129.782854891866,171.210074514745,107.993027577286
"1994-10-01",206.758541131635,144.82274033279,142.521475077283,130.827643276583,140.310442021377,129.226802367996,131.835827160638,159.512056877396,152.381843643006,124.084994061076,164.218598197361,105.617021293011,128.207263425555,138.572070393145,131.717958530416,166.972948720957,115.996427241601
"1994-11-01",210.860626823366,144.787455085995,146.606108315607,134.027609069177,141.222897089958,132.439772973744,136.695493819772,161.415177435015,157.072907992524,126.750311632834,154.354064417983,109.64685863001,128.583467093406,138.485909612103,134.080060497731,172.740482080833,120.175649726255
"1994-12-01",217.103861819501,144.251728774718,150.267870398595,133.848163210649,141.034960718116,130.282322603772,131.052942501443,164.311443264891,146.686506257076,130.679747494643,147.346792185283,104.149663321275,126.360960750019,142.939667865664,138.359976486117,174.163424083078,117.671131149456
"1995-01-01",214.516818962499,144.767160924926,150.919155564994,137.04067030795,141.296073237893,136.082268748098,139.530611536362,164.600378079614,147.857737893488,126.485078819836,157.091623010854,109.079406438535,134.409487316652,136.214982713891,138.182985597599,174.594146418674,106.353818680761
"1995-02-01",220.10330507636,147.363295878267,152.271722449082,129.273831754377,139.896307659438,138.653417407983,134.137395982007,162.05581787407,152.837783467224,124.24478994407,145.636547924148,110.851642309045,122.289235128858,128.615861441956,137.427365426143,173.66710803746,101.585290451099
"1995-03-01",220.147240174596,146.632811495701,149.161656992572,134.840070633133,142.647100592455,146.710349095155,140.640108059198,164.742449388132,148.808946824243,126.827417140639,150.399625513221,104.500802925285,127.137314485648,126.935860335531,137.485071442807,177.44397029055,107.998919710588
"1995-04-01",221.889529488931,145.044252828228,153.107498248271,137.986954813187,143.873483623906,132.631728132557,129.464628977881,165.350304871275,158.454890428718,123.19623613949,155.759749787117,109.191077390625,128.667495437298,144.952168966954,140.490191310688,172.712392474179,109.614612795715
"1995-05-01",227.157266884752,150.262764701613,151.554647726816,135.09777449429,146.975848404092,133.353813044084,135.770364363848,169.82634047105,157.966389001646,128.22236886695,151.947848898229,107.19410585605,128.136010751981,132.645077400989,139.465270994346,177.933905569273,117.320749693204
"1995-06-01",230.161340951707,148.477011497984,151.195384134143,133.478765337488,143.632906955579,131.644476039418,136.015576083782,166.390776115256,158.49315041214,128.879545025913,147.057474571386,109.55478277651,135.807224869314,145.790160547046,140.203782422629,176.188557437914,108.676004777407
"1995-07-01",227.93698136984,148.070942053884,150.7109312198,139.333112652391,148.641308448812,132.165207314266,138.709759858981,169.124127966865,164.188084890736,126.327151683791,148.893448427819,112.529269173889,128.78326580776,141.71207985358,141.72688461052,176.840785937561,113.803655128242
"1995-08-01",232.838271958237,150.805178440814,154.552029120717,131.925807751728,144.631941540444,133.14276453699,137.450406003816,170.604622786785,160.241040538278,129.184647011469,147.259015855444,106.85915107792,133.94312019766,147.797317158952,141.421213601521,176.075709000606,115.989107325977
"1995-09-01",238.404679513357,151.379617903959,152.976775000679,140.090559950893,144.639056444845,132.916043372093,138.547825212676,172.583916488841,161.258637802386,128.581353927901,150.540850329254,108.514578939516,136.910010758015,142.16049548778,145.931869916535,181.163552096248,114.889960517459
"1995-10-01",237.247603022618,153.385890761958,153.971699586757,136.808209633695,149.059647479775,132.171444826015,138.619326500031,173.622546094587,153.08465295927,128.404498954456,159.461652695662,112.785496940745,129.773870950009,143.595256105941,142.545927720427,178.510585748073,118.605228028404
"1995-11-01",240.315447836079,153.214488923395,156.77454738824,138.034004785694,143.878305039328,139.686783194267,136.884269578887,173.590776853043,160.039997319688,126.871124157428,157.41702044873,111.052895868176,128.503970527451,136.154238206554,147.585450648635,180.935755125042,119.872069838664
"1995-12-01",247.175618021791,150.637434927667,157.51409638898,142.573272784741,145.108134445402,139.35887337339,145.077934650404,179.990260215281,149.977263632387,133.843143291129,153.806255311532,118.128483680621,136.893853319398,145.503342879261,151.425330561222,186.153496505642,116.791589348544
"1996-01-01",243.611212391997,158.042322822574,159.35899149984,141.057182001269,148.158891435823,131.196858437408,131.016967739511,176.679808044919,152.983264228513,135.112057834579,163.958275675329,107.761477281557,141.337434710811,136.550137589855,147.565226492317,187.534073093073,118.941133305433
"1996-02-01",247.481523911973,154.860618732551,157.810740469483,145.383720398704,149.247966910931,139.591611132676,137.269964556144,175.514556056543,156.367039186999,130.101831761841,144.255176619184,109.169555954105,136.962209911165,136.880828370365,149.354739985908,188.141354314881,110.543629787157
"1996-03-01",252.720424639201,153.34618069129,164.359382882475,142.219430698382,150.105109073413,142.83400999822,133.219863872568,178.585646408748,166.476863637782,124.853775779409,151.127365125523,112.211696608179,128.356640135527,150.615715574839,152.116302798442,184.777097503112,115.610757437616
"1996-04-01",258.354970821066,159.919292881466,158.107983743765,145.561868135488,151.074711791914,140.978839150989,148.634536201675,181.396332146208,161.420908626708,137.034269155844,151.140427727206,112.064403968758,140.540892213148,149.569117043805,150.068938073062,186.384106618749,108.057079843322
"1996-05-01",256.443369720978,157.239058657427,159.275141358319,139.426935839699,146.317428336166,134.642953268753,148.692009943031,182.146454071193,159.597776979862,140.40699545117,154.967814920225,109.281862219333,133.046488165559,145.303107626956,151.682985069814,193.631541349823,117.436799663479
"1996-06-01",254.30604559984,157.868505065858,160.925757090657,141.937244767089,153.502535208938,140.021333484698,148.729168470084,182.162091694917,163.955623266813,132.225312443003,150.710002800847,113.628923606135,135.758476278069,137.928929814332,152.502997666322,190.860332186728,109.959168418195
"1996-07-01",256.298916213592,159.088921020216,160.794297948156,142.670915006587,149.416505445879,135.172673381144,141.037599749846,182.056958958455,161.629684531401,140.36479870469,149.484215505579,115.730095510327,132.072368552897,152.091261593982,149.504553134686,191.238242053444,115.873077548753
"1996-08-01",257.746671281054,163.090641700846,163.443628512474,144.522359413751,146.444419645777,131.116521688827,142.262271793443,181.659755729403,164.863318742388,137.015182238806,139.430026640372,111.361861918074,135.261824227446,141.284948927087,150.867940638704,191.180716275297,115.92049217428
"1996-09-01",259.633324915241,161.17045371654,163.213959479671,141.705768233657,147.392911438433,132.140772629702,142.544494377514,184.178525317495,163.109385173759,141.288118306693,154.097763619903,112.656619557458,137.611773357901,150.018211333126,152.007401662683,189.98370174642,115.214232130275
"1996-10-01",263.01327201777,158.581698627148,161.870434177476,138.505201046484,149.446896212176,137.19767033427,144.46855968116,186.238022153669,160.734083470545,139.53678216326,154.794476698609,116.14460963376,140.156980230426,150.53417867141,154.836351622848,194.737930049819,119.431776095111
"1996-11-01",260.924359463936,162.902917738147,162.290721695514,134.577605785265,150.904818211219,142.17024629455,141.634593157551,185.368519331145,154.367901931684,140.085293610823,148.873595177197,111.014391336376,136.143676556002,142.475687780805,155.474701563507,197.713718301838,111.212005257576
"1996-12-01",258.915317183283,167.518345792424,163.110025194152,144.626264076273,153.729648449811,144.314452567954,149.606977730606,187.065156525795,163.128674806963,144.192012845874,151.440335344148,117.967437231482,134.111792862939,159.264140108016,160.531712537715,203.266612264995,109.482503249001
"1997-01-01",260.53432775471,164.573525105179,168.119947390727,142.469249799027,153.193630928332,142.501835062441,146.304034605204,183.514105533591,165.248643495659,143.548411893573,149.29881146878,109.381668115057,135.892020563628,160.429794588946,153.742485426268,194.857391111986,116.293356865062
"1997-02-01",264.593424560896,168.168651519224,167.056216721967,137.59166418017,150.030630614036,143.46280794566,148.425869708263,186.28942465074,169.4518451725,143.952188708595,142.49423319512,112.914008214196,137.459867641619,149.071491487873,162.457036684231,200.017341019845,116.813124900361
"1997-03-01",265.322127162833,164.655368542238,169.943473602352,131.488650391701,149.150018352301,144.3313777171,140.710191523011,186.524601435451,169.739568757155,145.556454591057,144.878055041648,109.075723172371,132.000452524031,151.504724343056,158.088957524234,199.574025600468,121.036180805788
"1997-04-01",265.671745903408,170.739474580242,169.376449608128,137.720635029861,154.006927107348,141.09785900979,144.708306423559,190.552214748643,168.32916557733,151.223974464744,145.799363305787,114.765805170034,132.192671763564,154.060691950561,163.219989175433,199.983752801856,116.65148438585
"1997-05-01",268.648182465829,171.044989568434,167.070889460447,138.808084232694,152.644053692846,141.395979618849,144.127309501593,187.987135175748,169.216992914624,146.155197470603,142.024371952637,114.911124949956,132.285526616882,147.481993932409,158.379189510023,200.657086832719,117.166937840186
"1997-06-01",266.199160435871,169.366276385575,169.825924963108,143.302972008881,154.489377331526,134.884050668039,147.455459871425,191.305550843835,170.079963990356,152.181487891659,144.314547155249,118.46170258123,137.239390654864,161.814274859035,158.998327687858,204.534252262051,120.428167411903
"1997-07-01",262.707413054602,171.399373445286,167.588086102373,131.322178059012,154.56016855403,134.664932344156,143.853965219005,190.052013892469,160.320954433944,151.178470016845,144.594918110755,118.260733701037,131.87194195408,160.59390109858,161.506718953236,201.345263593807,127.760259183812
"1997-08-01",261.519556085232,171.82669224338,164.360885691418,136.826795994795,153.73530856084,136.426721214311,145.122294166043,189.033837217346,168.266662130103,148.180426252813,139.23314509326,112.408989754262,145.046584427006,159.289531196368,160.249162534989,200.638850572542,115.859265282569
"1997-09-01",261.319398211704,174.108028473192,165.535894671997,146.282993554293,150.69261218295,124.623981565917,141.662517853669,188.19673611996,166.03029598129,148.063252148116,143.868340265694,116.040290695532,136.710931751174,154.831693504234,157.050003903799,202.469299629981,120.862982367545
"1997-10-01",260.171327902407,178.035969016869,168.307804299648,135.653516315702,153.649262764055,130.673811054181,147.080559961344,191.481831139613,171.050318446609,156.649111563481,158.341939220919,109.988970924279,142.057195861785,143.742681627259,157.515163344257,199.882190699296,117.827126873543
"1997-11-01",261.549799961208,170.084113480735,170.283469709984,137.677090174485,152.154632716261,141.872532279995,146.77053608655,192.193121093245,165.702146876383,156.16998319589,159.552715477669,108.753078649227,137.853450745634,166.689364907948,162.748082596003,205.354670432982,116.858863590232
"1997-12-01",256.199883148108,171.745837205146,168.421664109966,140.451174270425,155.14371187994,137.672962192419,140.318698610316,189.838331637506,161.38826991722,147.954902440343,149.007091202581,110.384281364365,138.739457635597,155.113444098075,161.815327189317,204.871965055799,111.906467918086
"1998-01-01",260.499384457442,170.846075141189,168.656780204304,132.118094921947,158.821787505518,143.531548811259,148.911807302124,189.566347730039,172.822251992928,148.090255881833,148.399691803459,103.166642986854,136.225454912535,163.084868206881,165.189730176825,208.971230798693,118.653572915029
"1998-02-01",258.648941551261,167.605216157668,167.049423110443,135.705190104978,152.942905206754,142.103257696828,147.795773131893,187.888253780493,173.458842514237,143.221269166669,142.281642964291,107.138666635728,137.625059935861,160.283241393881,160.422538921425,208.566396001045,114.553660127941
"1998-03-01",260.991164689325,169.365664206688,176.634644093199,144.800098123517,148.841833207392,143.970425431603,146.862707975393,191.054094153431,168.517620158441,150.482015197267,149.327544172989,107.03074386922,134.768358028989,153.167431064092,162.62488216041,213.278042980556,114.161996385579
"1998-04-01",259.044925123709,172.052408130226,167.386945851045,142.447317135664,152.731847337894,139.093813897527,152.049376603669,191.359805456882,172.366504218977,152.931046280286,138.149576457667,106.608943701407,142.911319976538,166.222577422879,159.016270688795,209.820025252296,125.749447878371
"1998-05-01",256.678283539094,170.0140249019,165.683971067233,135.94401045681,155.994178725954,132.733826772427,151.087990302807,188.077521220294,171.844247619145,155.935636107824,137.924000420386,112.825813353528,139.455673595292,162.926153629275,158.750440053989,211.122814957611,114.428366569442
"1998-06-01",256.828821099475,171.586737655646,167.106955886034,136.877617312162,155.343615585038,137.638737876038,145.214313735646,189.79222872371,175.953650534937,151.845270517686,145.801118137521,109.637875093603,134.03696636377,161.113422096803,160.571371923893,208.938063344989,112.010520031342
"1998-07-01",254.2378299721,169.37181244956,165.879283393184,137.80019892729,156.006452966457,135.516660264435,145.179212536542,191.437024436108,173.129446633885,153.650657472928,143.716944212069,104.126176533685,140.797387926441,151.794741849112,158.054953199774,215.060728807294,122.469144686569
"1998-08-01",252.389329832377,169.27226060023,160.301279343714,141.693496212532,160.742409495511,137.797387717725,143.405330452084,189.338963658073,169.400293812979,150.870362535666,144.328875516698,108.092311657158,135.208308977846,150.120204635692,161.135749517544,206.091044812958,114.733920768128
"1998-09-01",252.432218822081,167.82570630267,165.773165166506,132.254256746891,157.338478664266,133.2630431473,148.551420446386,189.37575297644,171.009497779041,146.847516529099,138.315941470988,106.922104200658,135.428312215411,159.928886966432,158.036909613358,208.784342450088,120.182538460951
"1998-10-01",251.109365607418,169.369388892476,165.655994431899,137.79816558553,153.873591316339,133.217212220262,144.401745684906,190.525042583521,165.892338728653,153.83579071457,155.476372562406,103.218267775459,132.756256171599,172.112336512548,162.033027762567,211.571367085518,117.798797217362
"1998-11-01",249.670390327862,170.123866668133,163.23401433026,136.367971010442,156.910528742575,139.4076266639,141.036430713839,189.776698080299,164.359020295387,152.771418228422,146.213879794471,103.891561698113,134.259774745388,161.114702980019,159.738558869963,209.565073549279,126.47181545457
"1998-12-01",246.876777360627,164.665420240225,166.890550437582,137.458675803177,154.640572259621,141.614596506009,146.339885479792,188.931479282504,175.328069216603,157.214530752444,142.075296838866,104.932314559887,134.471282528635,168.174307648636,166.613648305023,209.077556277409,115.548132108368
"1999-01-01",250.04435647765,169.29087035624,164.530797698665,146.903061662044,156.050119788226,138.704589887079,135.560471297137,187.873010267783,169.828013989023,150.356060136681,155.823273050233,107.892058664894,136.571134152472,161.86806593079,164.036298395687,215.62587982257,108.483702665762
"1999-02-01",248.907666581609,168.473917776399,171.678741728244,141.978738397383,154.028152423715,146.07304113257,137.523274853311,189.255360340055,165.508323114875,151.584528970425,143.892185561499,102.928551693178,136.678490835623,146.719218322197,165.908528362529,218.390385750744,109.734836330875
"1999-03-01",245.395094561638,169.364883530395,167.659026753514,140.378913899009,154.430403775153,143.24062750775,154.011573543141,187.028180032392,166.978070985162,146.803138997628,149.34105586367,101.950335645142,126.400198608856,152.612965747856,162.440709132735,215.602291925269,113.599093765782
"1999-04-01",249.203566830497,169.388326279869,168.897492901353,138.528973035257,158.688741482078,145.526389872645,143.606455113313,190.517842702608,168.486833156489,147.930202805838,153.632495688696,100.104174213514,131.846606734819,164.394861153681,163.374683632243,209.421520921292,118.127333802727
"1999-05-01",246.681889751381,171.227737045067,146.652267081329,135.580084169644,156.4564943274,140.681391174754,152.153852177823,185.452155805382,172.955309139337,150.322062260794,144.246411235547,106.160969189485,134.013615662199,156.857405803412,161.553527693379,211.961326295289,115.354566622109
"1999-06-01",247.588700757695,165.283838221802,160.083697406197,142.81734453333,153.438580021004,135.325853130523,149.063857993613,186.810375461496,169.807333429499,157.778434055477,154.565578957488,104.836863108964,131.263684480231,155.178446245224,163.175499959212,210.593019373544,112.334741480382
"1999-07-01",249.761475820537,168.815475257935,160.482095152041,138.819757034783,155.920167696769,136.027635808196,152.193438215811,190.092222713159,169.384131379996,151.200847027096,161.797477163234,100.206891752526,132.269100110745,152.945058136246,158.878886374704,217.641417320525,109.944395610731
"1999-08-01",246.104076961312,169.193641068944,164.081722139839,136.945228204691,156.120268688888,137.782858278976,148.2103259266,188.994340659102,170.289726057526,151.898539280724,151.443957269249,97.1384609202485,135.486336444117,155.462159316104,160.345913037885,213.938690782639,122.408907609297
"1999-09-01",250.263962179185,164.826901563824,159.202061665985,140.900875025429,157.479531385491,136.985238322901,144.618982222972,190.026534694327,173.525277663637,148.78783265347,153.257365753187,101.950366509503,131.565332417239,158.647578556631,161.768628227659,215.472567901198,118.685762082739
"1999-10-01",244.68054440183,168.235161456987,158.530515680064,138.706982051251,157.443745670473,140.071316174692,145.240752709654,187.417517065183,167.822827256424,151.500629460442,152.483713875623,104.122216229903,137.38823552207,161.11761310417,162.932929211147,210.458792100009,109.103113553616
"1999-11-01",247.922090850217,167.267690367029,161.193755773887,137.108380945345,152.261032476517,143.088122526069,145.01876207091,190.33434118681,166.592270680455,150.284615050451,164.321742241469,100.381795133942,132.384489526526,160.413264024263,159.50728985381,221.859879769343,104.876035165372
"1999-12-01",249.708722050382,168.799938869419,164.603969807477,138.761711237586,155.515706103349,142.868239068985,147.774448157545,190.166867136134,170.728480455667,149.609363421567,167.342031106494,103.099960618372,132.607486664497,174.098958687118,162.912760521189,212.85929028251,114.787048341643
"2000-01-01",246.152382889489,170.021794509754,166.880647536632,140.47531167955,158.630504169801,138.946241753665,147.274636844835,189.334225050268,169.347962186929,149.187489841358,154.177916180101,101.831157622504,132.509597558425,160.269888738627,163.529499290143,221.014463980139,109.761525332031
"2000-02-01",253.113028542063,166.403015794663,172.163045108297,141.283082956404,155.689517925299,143.984259474316,144.098274911757,191.999506145458,176.671904195704,154.804125348581,150.565791558637,95.602592019293,141.917523895415,169.295521893386,166.419325131898,225.922881615231,110.710917276688
"2000-03-01",249.379542364539,170.476875220276,169.337573252553,144.575245219926,153.971310700472,145.254877411563,146.187228892244,189.803025386182,169.407292799448,153.527276623753,164.714065908179,99.5744453104639,133.376651920475,154.698706946204,157.917780675534,218.568447893455,111.346841475931
"2000-04-01",255.036458877793,166.600843253186,168.714330980361,140.748918116361,160.89161123864,135.678592264547,155.71881315254,189.242494129854,176.602502137177,150.358283180644,149.37385492245,98.0613755789854,129.407898163694,169.270145655236,160.597397281073,203.409437600015,104.210570877083
"2000-05-01",251.366536872711,170.425127668464,167.39227914785,141.939566912099,160.124549471492,141.761235368032,148.746743473765,191.651370155653,174.075812580985,150.795942822137,160.234013097446,104.548257158056,134.326438861536,155.793613944916,161.813463368845,212.619128699328,114.617891213248
"2000-06-01",248.429093138223,168.488597167095,166.610663998149,144.456671819176,157.447243237433,137.658546012759,150.076231303482,190.148994178525,172.511690948884,149.310859968583,153.195808592954,103.731960139254,137.567182498713,159.025699520471,158.974155301146,218.804469541217,109.680407108173
"2000-07-01",252.914350978762,170.372116906931,167.91505921888,148.193392657687,159.649962018011,140.756707742722,144.708880104057,192.767506276534,171.804207556267,152.797601850068,151.417755154329,100.664716365197,135.862379952301,159.89451579662,157.997884208727,219.745491249674,112.03382740157
"2000-08-01",251.481648117657,167.469465621989,163.385955559179,138.694605794214,158.086499649714,139.270656852578,152.956138511832,190.895371917391,163.896590313947,148.778386295774,149.815716661462,97.2414235411326,136.817314873729,166.65927954248,159.480512461999,214.165982556661,112.035701317008
"2000-09-01",252.294203821868,165.867259353323,165.400287051581,142.936960930024,154.13282760758,138.703916652463,148.586093037811,190.595448633456,170.29093685248,147.850915464799,153.287272682332,103.481632396411,138.161630417741,166.282395410984,161.386464015499,213.304540480521,107.425329239152
"2000-10-01",247.632793773905,170.758970297702,163.858124835597,145.111946924055,158.381784368179,139.647929987728,149.191386252971,192.946323775763,172.640322967419,154.680945546526,170.819389996853,99.5710203322847,135.071681574251,158.584751203517,161.48775255818,221.169243692175,103.76956739233
"2000-11-01",249.980964568049,168.049440260079,165.662140402398,140.333289043416,161.963992005975,147.973270897094,143.716229738827,192.240459727765,175.215139986146,153.105008916992,167.111551068664,103.703584136633,133.056115443686,170.812449824139,158.852155490169,211.986578270544,102.897779138369
"2000-12-01",250.400900517243,170.047493383194,166.186490547467,142.213055942525,157.455868447219,142.146573450528,150.892841438411,190.735131186659,168.618503781423,148.191586402922,160.949439791313,103.106463007491,133.007987291091,155.116314606696,163.698453558027,218.624801376173,108.718964813898
"2001-01-01",252.972307417516,168.871601766764,166.773275698446,143.784081897059,159.919397480908,142.529659967728,143.871454818166,192.765233136943,175.106669638859,153.489554138396,162.785731933098,108.499979854374,127.858051346238,163.227013970041,163.048851375677,220.288601114268,114.060177058587
"2001-02-01",254.216203761902,171.7255828804,172.020354897722,130.934769155545,158.030879490267,146.529996160119,146.260507812684,194.995611016571,175.903982900446,152.717025760706,159.28864189568,98.3339959395192,133.915770196906,168.553024497069,163.521297665262,228.42370510466,110.196637938261
"2001-03-01",252.151548569,167.109496179985,169.860703765619,136.548982271937,156.349577552845,145.237363803784,145.985134339395,191.977202070627,172.507474469932,152.282640306151,163.534269757159,103.842126320119,131.870954143239,156.419559884979,159.074928396816,223.348940363991,98.2063281276784
"2001-04-01",255.23951501962,167.421965408126,173.317756313462,139.251909646965,161.621413272402,140.01523204254,147.001019634959,194.72701932132,178.629767748961,150.439753970889,147.290401047356,102.746249439392,133.118594332633,178.088734205169,163.446905143427,220.853582228235,118.321387340472
"2001-05-01",253.999671863948,172.276783984425,167.746751807587,142.399398140524,159.083274677785,142.100605350262,149.39001132517,194.102599808984,180.208436306986,152.511086752101,161.234025285019,107.194719073929,139.558169036282,167.852173982356,163.41384137715,218.740024972223,115.79940250691
"2001-06-01",257.883391567718,170.422175202827,168.700199690753,131.782727707895,160.74829815799,143.067580619196,153.514381659734,194.258832458718,184.305868715275,159.849514831067,164.447035731813,102.35244177821,143.988121840553,166.461633717958,157.855559105286,201.71590648518,113.912677653433
"2001-07-01",256.879242045984,170.579532187069,166.351776653943,141.874536577491,160.149821223638,141.229193307888,156.119723370935,192.550887770732,181.118680431151,154.55888156081,158.160531835231,106.330613106992,140.111807136423,158.247821446271,156.788968867154,218.481180075713,116.552635515482
"2001-08-01",257.645188358532,168.235127402644,168.266179844354,148.028402513737,154.351447392641,137.388523736094,146.499892387649,195.607688471186,181.665124291903,152.346540428984,164.892494643085,103.91961612715,136.761951824141,173.745751431071,161.696170404706,219.012659097057,105.638234360989
"2001-09-01",255.824603008668,171.020189712018,167.909071832666,137.219405115383,153.132151360435,139.971730670968,155.187762889021,196.831273382362,182.864858474621,153.238177945563,177.472460418634,110.512362016267,135.447395446799,182.464171763552,160.081040449798,219.921087819251,103.587620685969
"2001-10-01",260.737718376985,168.20554733224,169.25317501104,154.384102853829,163.847068453731,140.507520259491,150.764571458352,195.611020398655,179.204434995187,155.127856688797,171.068166741703,108.170572309669,136.945450176951,168.922970211742,156.450632738556,216.83012543368,114.19616391975
"2001-11-01",263.21400243064,168.285443830977,170.767613258785,147.826713661583,157.123485951001,147.634893271314,150.89280279361,198.499362723587,188.426216887859,152.7235896467,167.045329536165,104.909582909147,138.217767224436,167.110414870714,163.065941831941,222.832060829087,107.259471800371
"2001-12-01",268.653014396536,176.272689611978,174.596644059754,143.757243571008,162.787159008864,150.135174575294,154.767937738534,200.881526151966,181.792594064344,154.072121566611,165.724600969287,110.355581203969,141.112284767674,184.944682182295,166.586469715475,221.846104753659,111.919460922753
"2002-01-01",263.644017742155,171.960063547816,174.944768312952,144.152910919125,160.692189089675,152.825574388261,158.028714990164,199.41507955705,189.004233050537,158.844704448697,163.962108180675,114.934082867008,133.887093447761,169.221568843353,166.890033087148,228.20226818727,114.575521758453
"2002-02-01",270.766006277044,174.380932761856,179.711243307315,141.306218807078,162.454165847468,152.616915376179,153.168284884726,204.272662166766,183.322939637849,154.663563246548,175.420763954756,113.491631825959,139.225434459076,175.453254068557,166.876975019321,236.612525321822,116.838146445573
"2002-03-01",267.761482155538,171.195711581027,183.545283500524,146.466355023189,163.054307144373,142.812095295267,155.232888693428,200.431116607506,196.443007037136,155.934934960734,174.406294187292,107.726655012759,140.060518136666,178.167888198326,163.446840955764,228.956345404625,117.561313175157
"2002-04-01",271.265800878011,175.123574435782,178.982388228458,143.539440103503,172.80102058411,148.326028134433,171.733611922597,202.461926181047,193.05242356791,162.277774316878,175.093702616334,118.146974155258,145.638088139404,183.328299671688,166.874656687201,204.563847477434,108.226688252425
"2002-05-01",274.308291898472,176.672020394083,184.111544227853,139.427579140678,167.987785612868,144.774804113553,159.831376998475,205.462020045268,189.629477642279,152.580679395407,181.113623378191,124.001936945787,144.468313275411,186.040700182328,166.808745838972,224.189799056299,109.075558453987
"2002-06-01",281.25541443794,175.274575803928,181.526394875023,138.954159840062,162.048829757632,145.422626778346,157.900558227725,206.002034197201,200.345459935185,153.51866482783,167.893743902047,127.957409440972,138.837973244124,194.45686087348,165.353743030755,225.135994793891,108.137600301757
"2002-07-01",281.449249517898,181.385224178006,180.542158659721,141.143225663089,166.063891413833,149.38344364173,168.540312233159,207.465664166361,196.560895233717,158.693634133203,167.055521137313,124.563594063874,142.792608564376,195.510134917636,169.237148354438,223.771891482701,125.382281100624
"2002-08-01",283.756035568549,173.841633432646,178.35399551389,142.305172664858,163.883188906052,143.144486120543,166.994871671453,206.168996903467,190.519769863663,158.848746939533,174.916609383969,117.430599187718,150.639199629611,179.307684206933,163.082277434046,225.91454194408,109.32991824066
"2002-09-01",282.944202336046,175.58574594366,181.265100174829,143.347367423957,166.231660955204,145.950818432925,166.908330859906,207.700854064314,201.165046805295,155.807620117124,183.844095945908,123.383613880608,145.828166679116,181.54235222731,166.59020892249,226.660896114552,111.665368375127
"2002-10-01",288.151388315464,180.16986557884,184.492564500324,147.93844905277,171.924000119774,141.042499798498,165.442899042956,210.203393267583,203.031560141301,156.075363882315,190.726237182768,129.277178120792,147.510385403125,186.551191514086,171.163050848733,218.899578902094,119.908008117653
"2002-11-01",287.98906642845,175.464642287485,184.09484578198,140.975443076579,167.464986199674,149.508920041759,158.909586569215,209.201105978592,211.534133477446,158.506275296797,184.49459566388,132.415415566246,152.214047071031,201.645346953166,166.940646369393,230.70172500688,113.945681198238
"2002-12-01",294.499575335765,179.514286118956,185.01052245444,152.609678282628,168.464465586232,157.309006720095,161.646808363294,215.058604006153,205.570532378388,159.563993762425,178.353590236589,126.192810046109,160.55514605181,206.56863990654,177.802523271887,229.75548214074,117.386642865717
"2003-01-01",298.691643401121,183.687627320972,193.846072752347,144.409588637708,168.231868275459,155.867965426735,170.796136886467,218.652394342056,203.465149570177,158.170637710303,190.205802428621,124.110227821208,232.186993346291,218.374254523774,180.007661982771,234.281480558483,113.922225146999
"2003-02-01",303.182055072651,186.094522184138,193.765553292325,146.72181257185,174.08834462957,156.576338908086,165.794779438948,219.390604533676,215.457648695378,159.421074124742,184.171070785078,134.592380013934,170.553251587764,198.531500543923,177.820419699527,245.802348411684,119.396656437072
"2003-03-01",297.730896755561,186.331975215216,194.888523836544,145.022831298217,174.249533643807,154.939490987721,176.023905739376,219.214965149525,220.719788705927,161.407178346537,186.969465591268,133.59444864169,170.27613945774,198.570117992125,176.708110979381,244.712253266424,113.267041427961
"2003-04-01",304.538748543452,188.441328539008,198.709676435597,143.246666605327,171.893936077225,153.274016192696,186.22497356186,221.563793841009,221.15313211814,161.696820540187,193.412845741068,142.829617044212,155.655949443123,209.055368904162,171.792866917736,235.791204868937,123.222889756102
"2003-05-01",303.258778152766,193.10058810728,198.510045276058,139.943819094087,174.063517858703,138.322421013828,172.922866727155,218.581532142382,215.724293898902,163.355478789132,190.678953140466,147.606840659935,165.297871170759,211.57211287436,179.411568450002,218.80784955545,127.750891064095
"2003-06-01",304.326312812679,189.865824196581,196.376420246622,151.270536596964,177.792199010817,154.446419622088,185.751934529621,222.108950623554,215.597362405209,166.566585145728,194.594497572518,145.93784536518,160.27677485582,217.504791175355,177.754732055261,233.938693283038,128.949202299747
"2003-07-01",303.424318090434,192.670449462504,200.019279991337,156.322286990148,173.083017149067,154.939448654691,180.108081916463,223.926304619821,211.236323584013,170.012661198963,184.389136086703,135.282447798397,160.659019166091,201.740116999065,181.431154757397,235.186924024667,131.349896309895
"2003-08-01",304.713654937104,191.549934749736,197.397815528714,159.217203474188,176.841901951653,144.793567565648,187.263118817636,221.211150506796,219.872241950004,165.072358687921,201.045678596342,143.949414380829,156.83255033038,210.610258543259,183.512626218188,218.388470900621,126.030418319476
"2003-09-01",304.019556475193,194.772512452435,201.834638964285,150.952476221374,177.818998851035,151.677130388191,172.946500081347,223.324219129182,216.507504407806,174.967486624776,208.761814745987,140.689838096398,159.93476927557,209.77852171897,177.115875151305,226.293614036282,128.710832578951
"2003-10-01",307.546620148439,201.604661700587,205.625894095318,148.618655694447,188.09294575487,156.156639113122,181.560451405048,228.473393650626,224.875552784231,169.006998676544,208.523603269849,141.567388089976,158.127680959452,217.030065877748,184.25485357396,243.048278117957,122.919693098541
"2003-11-01",306.150503717705,198.518935990591,205.629970732354,159.241084317981,179.484548308463,157.613929513218,188.788076448919,228.002779538298,232.638882824899,174.577409136844,198.566226668303,152.046354011659,165.091234729288,216.619173914984,187.046577825522,235.282210660135,148.170780454665
"2003-12-01",310.3129756899,201.742371855403,209.084722256004,161.698431598441,185.779946739829,164.841122705021,188.496200710923,229.456118398998,225.763509713018,178.210343932668,197.092490866024,143.454003064031,168.114492179016,228.26692240717,187.328916062555,234.124373686523,139.668531681054
"2004-01-01",313.248082943792,201.628633003365,214.359831704889,161.886083577235,190.883622694126,159.538956567309,191.728366084773,232.437904112786,222.508247958274,174.485813810611,208.379792879854,143.536776315056,171.512523711434,218.562405503731,192.475562521941,246.157437222667,134.633673794732
"2004-02-01",315.357474068393,202.884159692421,213.718194272052,161.543018477581,192.414356157723,161.576818759568,201.032677145574,236.702079140027,227.919571319311,166.740795881992,205.694063068795,146.758854266816,171.003779410409,233.818501578013,190.045359555251,259.798023010043,149.968414598765
"2004-03-01",307.27568112134,201.672642662348,219.1148231359,166.871678448292,184.177590250206,161.429989815183,196.788298547367,234.552254523123,230.385421068173,174.16821347098,201.572867307238,143.008939300621,165.728905774275,223.102992062606,195.450021299622,254.16018227965,137.655216034385
"2004-04-01",313.339609746699,203.569781791464,220.57924758889,157.952799911188,187.066854704115,147.472495006673,195.55134531836,228.634375443896,230.590454826365,175.723882374863,211.15319047484,147.7197215003,159.978716686839,237.00076051482,188.489855949354,204.538514095707,145.293049364809
"2004-05-01",310.811627212552,213.122897868117,216.228178626895,162.365292687737,192.63236902515,161.5156287604,203.109051290153,237.721097630612,226.074890066804,179.404906384516,225.625554753074,150.516024533479,180.461040253442,221.438796023092,194.156058297683,243.163895898456,150.324241904687
"2004-06-01",313.848922652714,210.156055363558,222.128797610003,164.91208589781,192.239252732974,157.072430994028,208.162365964795,237.352089080079,219.188034642752,178.611109414494,216.7831419337,145.97475058987,166.24762638383,209.681377343129,197.059930680739,241.553714823111,141.385364265557
"2004-07-01",311.644803523223,209.727299195809,218.902893655084,169.93944484553,193.581318659049,156.164996489936,207.745512853527,236.612793645172,229.493370340422,184.433599980354,215.391456502196,148.599045505778,172.892142674543,217.63174464269,199.059103582429,241.364731062001,149.037066004641
"2004-08-01",309.456582448888,206.061351208932,219.138248802563,163.803921377132,190.303817479843,159.599611659493,205.55973198875,236.599531626829,227.24307305329,180.573461307891,224.579710767955,145.066966625124,167.338447355807,220.844888073011,198.071879750562,244.189121074582,142.341947862001
"2004-09-01",311.303264105784,212.345988654047,218.6820785796,165.150752160945,196.299512069483,160.724020845373,202.843828141036,238.328801954738,212.233552220365,184.341290775928,232.039997608604,141.754916164386,173.473526489634,211.859848927746,194.587257532031,246.333000830152,137.905576479573
"2004-10-01",311.555785675861,206.720954917976,218.342380712008,170.421477934148,204.219882676384,174.312619507127,209.734080782869,238.667186877993,219.701957301397,191.446856324991,213.029218429285,150.832634108089,173.936760889035,209.51877222542,196.116037161797,245.256996148589,145.895423635919
"2004-11-01",309.372953106771,212.24880484455,221.148409947522,168.345196590656,197.798285450927,169.599879687621,211.755000895491,240.674489715624,233.000122575082,186.531360110737,230.590952588932,155.388413915123,174.665195239777,233.967312580834,201.106635587455,248.558084564651,147.553213687414
"2004-12-01",313.826123116497,216.51530636989,221.72310006379,171.321634334136,195.882219377577,167.928189942796,206.649543817016,240.739623202958,228.139670104301,186.793913598577,229.493146197597,140.002404631331,179.290836748848,226.294327439547,205.186277040313,247.212739070246,145.001124132111
"2005-01-01",311.124986900466,213.512322574482,222.812510219527,180.625013791472,208.024866170247,170.437764805585,220.984252723101,244.562977715596,236.57174137835,185.369331441429,228.214342923665,145.10956863533,187.7303778303,226.185505892777,205.179122495514,256.068359523235,148.638662481959
"2005-02-01",316.236862388115,215.482269500143,228.078146991275,158.021614581493,206.626339571451,172.021735724597,229.744154959468,245.733522255886,223.141340281529,190.492518488562,222.896593773855,141.413278375051,176.012810898998,227.03307578268,208.14053923486,266.066215542718,145.174015502439
"2005-03-01",312.769572889305,211.550667141155,232.32832812927,174.91695622933,200.173889264112,167.583845680705,210.570905559103,245.013208107934,230.885088142606,194.090423678997,217.6058756377,133.725939279838,185.045807198431,220.00682954742,208.515671039584,264.455899960746,148.146622824673
"2005-04-01",311.62376092319,216.640162222013,229.412570532874,170.477563201466,206.768951786368,161.893572917477,218.224803731131,243.630329357351,227.613213325285,196.536936733885,224.607744852279,146.6731577814,195.524848176174,224.608176027905,206.563182048877,255.749875118555,161.623102263883
"2005-05-01",313.163619854263,222.855434441147,226.7208944923,180.871573252552,203.205992265165,169.195845307504,212.259551776895,240.155863376357,237.070560901311,198.422870201131,224.180093110538,154.036853688319,192.098170981624,222.172102766577,206.936194280252,215.131183852079,161.900382492382
"2005-06-01",315.217729909712,218.408248713856,221.669687799744,177.149803086222,208.829055481504,168.360726626323,226.513942527788,245.891732308902,236.692715583193,190.469414521617,232.758861882873,146.649009894729,192.847046817732,219.737409268834,205.789506461901,255.030942254037,152.371070765201
"2005-07-01",316.667146602225,222.47880391765,231.26933841097,180.382395601431,209.844588857632,169.021059020925,225.991696810262,247.435697754352,237.074567040793,203.711671951322,223.593379521607,146.393649230871,189.514326525248,212.272634258476,209.491121025759,255.528135733992,156.448284216097
"2005-08-01",314.200557623886,214.504620013445,224.086335069037,180.700661183565,208.571808943256,165.272444170991,224.838432860549,244.261774498868,225.849745841468,194.2042335139,229.687754812853,145.029142690116,186.370648591877,216.669837935575,204.579893788299,251.730938245861,155.102888382477
"2005-09-01",315.916022271306,219.526375162244,222.294627593939,180.978833418491,204.951124150499,170.572242978638,230.172126960683,247.663097662195,237.370491326931,203.278073607326,239.513545812449,140.716669674538,190.322409626343,232.89473712168,211.770062885349,256.845543396203,164.783346865305
"2005-10-01",313.984634735581,217.128221395045,232.063878423812,182.801481971344,210.04766384159,179.95656364674,217.387735821894,249.675244108604,237.068970942939,202.367813172101,245.874731452179,142.027021143884,187.414050698229,227.829957015663,213.485928395914,254.620420056804,151.612080229875
"2005-11-01",317.363905691812,222.91334253726,237.19101541199,170.181864856379,216.18529461587,181.281146687465,233.65420599154,251.229659387874,237.156435904604,204.453083804602,234.723680834026,147.494694215222,196.633012662978,213.371489566828,213.621446314186,258.824544483047,164.503548030893
"2005-12-01",317.878841543201,230.528283273492,234.403226263992,187.47012553336,213.542334180607,181.250234685746,220.841748505097,252.230845429962,245.94908325713,208.29313075991,225.511651292093,142.429205385474,199.924332670987,226.535229497364,214.795460116658,256.037370626848,161.54387880706
"2006-01-01",317.2188226594,222.293849220247,242.757724409604,186.481448799801,215.333406726288,176.366453191731,229.838921637499,254.390910448798,244.884103372021,204.431922514477,244.121965002647,149.569212013775,194.330226737898,227.12110410696,214.22760974054,264.569642271221,166.661903137773
"2006-02-01",320.754432405415,220.86016489943,238.402190145248,196.144120689886,219.981289664521,180.409487831023,226.893874290052,257.177109598857,249.147581649743,211.413835367322,225.26358384569,148.943547588866,190.318813686001,230.714526377292,226.203544314475,289.518712964123,163.302270588389
"2006-03-01",314.555991901749,228.64104373216,235.862768366221,190.511549976737,211.065006753867,181.35959539249,230.737401935731,252.262046624789,234.129546241501,211.308319158581,204.466405090497,142.634857576442,210.443522055704,223.013523925195,220.478711467016,276.016490174655,152.974047280624
"2006-04-01",322.49927958073,229.476962051666,238.147533143615,192.115075611787,223.496737516118,180.822350859259,228.72228231507,256.70404439464,234.42309631035,215.60020871949,223.892640008647,147.351608556885,199.333116102719,229.030423528619,216.060664417503,274.628488000485,171.121457048266
"2006-05-01",318.427359099492,227.448283644366,235.491227092003,185.774743565617,223.277130288988,179.926833304789,240.019684072335,256.297651364959,245.779296524725,219.300988259277,231.306064304777,148.204086758351,215.932161820393,220.51494506699,223.387176076849,268.151187006537,175.806503935481
"2006-06-01",323.672235495243,232.75977553706,242.322774552126,186.180916395865,225.152915670879,178.493286895967,236.169469705853,251.140840825746,248.530302446326,217.667520235047,235.213755490271,148.554026422434,207.544566429444,236.40623053613,226.521662795073,217.609798658945,173.736963320623
"2006-07-01",324.474946216001,231.999218166014,237.901876995217,190.781939168604,219.733300095213,186.357788184216,231.183516840533,257.514258352226,250.548579036972,221.069239250621,230.093638461397,150.189651392907,205.533261216426,230.749147430096,220.386056574966,267.358114565059,170.818681382503
"2006-08-01",322.732486016103,232.248909496922,235.802657330035,194.851708645225,223.452638428426,182.205907138026,232.489353598663,256.424220251557,240.470943364597,216.432275199418,199.744764607996,149.157693566297,205.321384454569,236.954720552825,223.138362501662,270.208718137363,165.536752303418
"2006-09-01",320.703218938424,233.115986189458,240.627002601778,206.560980502039,226.362544297854,184.905864181509,238.935023281745,259.798844866617,236.739699405623,219.479198909216,233.534623318177,154.938336417844,207.05721757742,231.275078080849,227.372831049925,273.975326803045,164.111326038382
"2006-10-01",327.079068123346,232.501900780878,246.130974878066,185.19000721702,228.296270244237,188.277006717333,241.870585950911,262.059620847008,244.061758486848,220.757013331229,237.501123088072,153.010119458377,219.854128393391,234.064460114135,224.727552458165,270.570056738124,169.291277724891
"2006-11-01",327.671812022744,233.407802596703,243.407545032142,205.259653488046,228.910308243364,193.757639928244,233.324407198924,264.715051056072,249.495116635405,226.805847635206,251.856344067733,156.308483516787,216.78298634549,235.933683569616,227.172875495195,279.161753629545,162.935896768823
"2006-12-01",331.282012764724,237.45526236687,249.312054158387,191.417691029979,227.073567066425,197.094450433831,232.971498080071,266.578773487287,242.627726464909,225.235880769648,249.308417192366,158.991370271453,224.755668798366,238.727409869071,227.541836910339,282.67960120247,178.066833113628
"2007-01-01",330.499200229667,243.224102417902,245.500799179094,216.144780299447,236.199249956213,192.25472149446,243.316924685019,266.521635713683,254.395311652538,223.982843031715,233.019194307635,160.359953491912,215.516044328803,232.759244324685,231.946760339601,285.62502089851,159.218534088235
"2007-02-01",335.74514033712,246.332659359329,255.277379178181,219.264042136102,230.098787293596,189.754610870327,246.927129500365,275.111175541857,267.881814550714,222.925537866999,253.914736255633,161.208366839443,215.203355373429,243.414372642064,237.879367799709,311.43077061895,183.963974631382
"2007-03-01",332.296548638679,237.36960346303,258.546796356671,200.333443609992,233.65118673151,189.739740432114,256.598774307884,269.761076292333,261.996320301913,236.375060157312,208.555934849165,154.664314204924,219.745132945668,235.647618442302,235.229267337133,308.74310202954,186.386815073172
"2007-04-01",333.76115056747,246.354914179302,248.871981781332,208.047269692362,230.595811012993,193.048636115018,245.939483113008,269.911614922502,264.537967704892,230.891659757943,217.647131275504,160.098461189314,227.687168296155,257.825825953976,233.558012149034,288.738825891843,183.240002476339
"2007-05-01",340.357313230232,248.140999879409,250.727240924563,207.804157612317,239.778603031618,196.490895218662,249.555436387651,273.923679450854,258.440309314878,230.756004164836,234.202327285315,160.213821965844,234.76764165866,252.064351176115,242.323503534271,287.788961569504,192.648518204176
"2007-06-01",344.179360515792,252.10270805341,251.225832343795,215.928731035177,237.604603410578,198.286503060564,255.772644435107,275.318645828572,277.06426669242,229.599674875835,245.320563635111,164.807827683601,225.04171244434,239.840581741566,231.800918284926,296.704836701437,178.323344186556
"2007-07-01",341.94872019832,248.593829889186,255.978733790211,220.331057797594,248.200123205258,194.06488888543,253.046512962885,276.581835423653,271.79764844959,239.01308563156,255.465643513325,165.19423893956,231.819233319702,266.5734209766,237.774417373781,292.122949117776,184.874442515451
"2007-08-01",344.751814849796,245.265225310011,254.262217245853,215.18799664552,235.262798551569,194.921165913162,250.49535974032,271.097684582265,262.203325474453,234.417331546004,224.445651364226,166.06799645993,233.570316263826,248.450801292271,243.266106509566,262.897713276663,183.714856309024
"2007-09-01",344.199969327859,250.848201645931,254.638778055527,219.145411897881,256.643645746991,196.129990434213,259.71757002749,277.461105268256,263.324313503275,238.250535966667,244.330497374751,161.950987804814,230.525298068392,237.214386606477,238.473062494799,290.463228638314,196.363916558924
"2007-10-01",347.933593232697,253.414598311757,258.838004638338,216.917518325561,237.958672021102,201.182819636828,234.413173427353,279.554668274349,274.470448927764,239.357066996256,256.562854228536,170.444074785181,234.606746399729,252.009783361366,243.046007093149,294.69865941189,182.710329116218
"2007-11-01",344.274358767893,252.015403772619,262.924631835775,212.530302414532,240.703115270127,205.970414714637,279.111491383725,282.174775269489,264.273089473515,240.379140133794,269.244006681469,166.568283814688,227.191713239682,242.5355228725,244.914159377426,307.93574678377,185.522550242604
"2007-12-01",354.617607667037,256.262910826665,258.453025186546,220.46497569878,246.889400569295,216.060323465685,250.139717190913,283.816186570882,262.637565326445,239.685880170772,245.348648760546,165.946520251346,238.711881828511,246.653693937993,243.79000822083,311.636409112621,173.607191520422
"2008-01-01",348.63553680987,258.201712978016,269.764778680072,225.452917235085,249.342462601933,200.808856380504,266.406647556755,284.923119813602,274.873389684962,235.648161291281,252.917876814695,168.913898783784,241.561324361324,262.131780093712,249.031408384087,312.646226562718,203.836974551831
"2008-02-01",358.823798135236,254.335820509694,274.431592927257,218.87930975683,248.715887491929,201.327690770163,259.962315160093,291.133329585014,277.242734712118,248.504567839061,253.800172968165,180.458458821565,240.444180540602,255.994902470672,252.780895270959,337.963609677171,191.951078928162
"2008-03-01",346.100305021556,260.3079164292,261.028329018893,209.250398532368,249.445203149572,200.124241701923,261.516296960487,283.791862676286,288.886374908553,256.57986309469,219.685588615084,168.310818487869,242.285795974417,268.659188277377,253.429560580062,331.40688993778,192.137671843662
"2008-04-01",355.281507687773,261.175532111463,262.080833265005,222.697562368631,251.176679442584,204.484556581003,263.489904237936,289.123746540558,278.660250358902,248.337890863224,243.264689738024,175.657770524379,251.723084927877,261.936528619661,249.702994537589,319.984557035508,207.009091825677
"2008-05-01",363.526989348951,265.037682857849,270.624170798426,230.294731801951,252.807858063556,207.766345655975,276.645530298554,285.513661468965,277.624312768864,258.017761565041,257.356747706435,174.27971207747,249.737213427521,282.853430368371,254.575380298107,261.034315461557,200.572634267961
"2008-06-01",362.544484148298,258.089908347935,267.810000925859,233.328712799681,257.325722625774,199.660141146177,274.011914749836,290.226382910448,293.510841365648,248.766256370606,266.59569482815,172.8386926973,250.059633762198,255.138957564945,246.301058977978,314.304841854745,207.175100068925
"2008-07-01",363.400760521793,263.868686243628,263.219241707399,230.526170023506,241.834496136269,204.328156767632,292.806494442675,291.987678300425,279.46574626744,249.458661976137,259.613041131895,177.324177356801,253.725638694723,257.202438156126,252.53324768394,320.873502075276,222.715812869664
"2008-08-01",358.767047068271,260.976733749482,268.783696973199,228.346716706412,258.690591934076,204.346737161925,279.128055054389,288.937768389558,287.57044952578,246.032268663313,228.716012309834,175.43840971451,248.622641701316,263.883109539603,246.341509437434,310.9734215351,210.40278177743
"2008-09-01",360.479158969214,256.52793100063,264.839805388027,223.468980580435,257.538848633508,205.25181345877,279.40870329766,289.32415748868,288.04715494896,251.630505773778,256.743171314138,175.824640106794,239.597424493603,266.67546693399,249.29550522574,311.035130177083,226.13948761224
"2008-10-01",357.5367347981,255.863672082471,269.377961689957,216.920032552113,259.314412011286,216.893014320624,272.205563205082,290.231112511453,286.745595033562,248.063453396039,252.370960987954,178.276047022076,251.081428473843,263.086991724088,250.625819114897,311.972695819661,210.37544622042
"2008-11-01",358.552476738344,259.906767131842,264.282664933032,219.780223325834,251.764751352544,208.091240582084,274.69867233052,289.041578327065,297.415115334175,249.311054602243,266.861719811593,182.496002679126,246.324823624847,248.17429199971,247.033859037248,316.465492394367,213.905410155678
"2008-12-01",355.551451065475,255.748141863649,262.770599224693,226.203835888272,260.902343576358,212.130557992677,293.578228685327,288.524329246533,277.752839995898,242.059732350265,257.785637025911,184.011983147323,253.61343944597,262.859638194843,251.136346273234,321.226469743003,211.438925596576
"2009-01-01",356.861538024237,264.494369392252,272.705577740073,239.884877156327,242.290582426077,208.053246741636,271.899417906443,293.184213983036,296.698423904461,250.008031737637,261.712344547356,184.797380053574,258.818496127805,286.124182720506,259.654756148301,321.012641146669,217.831282701151
"2009-02-01",365.879915706593,264.558063849478,274.884866812859,250.038663692076,256.710951079214,208.556373028192,286.244593502162,296.331389229776,288.466474554395,247.136473131221,266.581547326217,178.185654732221,261.329695876187,264.032376003783,259.228251859114,334.412679836343,219.296011502633
"2009-03-01",359.241653719798,255.523310084695,272.917072781411,230.495083154311,251.881442433482,202.498519664811,277.4738097069,290.151416266528,289.280216617267,250.383784901552,227.893805996498,168.769295302117,250.524171970309,283.51766059854,254.634883787248,320.735274418081,226.414680927261
"2009-04-01",351.112353583817,259.049175151818,262.319412214998,238.671269775844,251.472469330928,201.12974060739,274.829996967846,286.947627516696,286.205439228991,249.048533985924,237.803102171632,179.515144092337,254.951463369959,295.267488469474,253.668726672375,322.958555606304,206.195359441386
"2009-05-01",358.508827529636,263.475237099857,265.573954099415,224.870848105158,247.742540578311,210.719081379419,273.856324460931,292.614590608915,286.627659123605,247.051257669799,258.528343929098,185.005246027363,258.667051338827,267.317649767918,253.763485590268,334.476331216067,210.076579614363
"2009-06-01",361.488629218339,261.798411007699,256.07609857351,231.285962580292,254.094406223633,205.503105459338,282.783260192025,291.635704417699,279.752400208731,254.470434611121,278.527500473765,186.10555079317,250.869852159669,282.208860430737,252.13241433701,319.431541292463,221.540347283385
"2009-07-01",359.834438865359,258.063094825626,259.43007579606,241.344962757287,246.389510479914,203.880162272288,268.539678034711,288.375187989703,279.738016256094,241.836203810256,247.883066009576,182.394356486029,260.213321306552,279.019593142909,255.341556108266,316.085866075405,207.283811762604
"2009-08-01",352.84827971468,258.341395802774,265.516203275677,225.633520376166,252.60201600213,204.846966330086,270.095608929944,287.294046782467,287.088890583635,253.781760466112,242.417407877704,181.972515696305,249.498261027509,276.389475030319,248.129860723407,307.406228016115,231.409521663441
"2009-09-01",358.235404169248,263.464607771475,262.238585469601,229.544206552325,250.539406749166,201.438024794686,269.070484296636,290.086666932856,290.769880788008,245.867943911208,280.659909569953,173.466479672973,243.915976545554,273.627745881186,249.983900624671,323.858923147898,211.459800726609
"2009-10-01",357.858910944801,257.6325625598,263.815017936417,227.536361836408,251.960984935156,207.324643700436,267.131441534849,290.031811166205,291.509173821185,243.242444758716,269.841214111274,182.800581986814,260.668876557701,275.094025062026,248.845199361123,317.633940663866,221.312928387398
"2009-11-01",365.376689121716,257.287498215517,264.877264089163,232.901257517564,255.132457774892,212.70799479531,278.89774017474,290.786609189298,293.301359984762,250.832660093121,263.346843304327,182.401915218434,251.000970796059,273.584255038208,247.707628710489,319.754227620991,233.350243646621
"2009-12-01",363.504791520134,266.794315746612,262.857118114189,232.644897955425,256.70243527142,212.578543938746,270.5386800482,293.876786885124,273.093928371171,252.722164206612,262.896587487908,194.621233880675,258.574812993039,274.610811969221,259.260125558207,329.931732774914,224.787946391692
"2010-01-01",358.40869618043,266.354599920202,273.049429185879,220.905619251809,260.542585094623,209.031158144883,262.421418804532,294.214627678984,297.113992427122,250.429381113273,262.967326574544,192.386503503255,252.705132546142,299.637276663722,257.708881155583,332.809224994331,217.023080778107
"2010-02-01",365.197223788255,263.788827880866,273.267204642924,235.052053876977,253.906947874065,210.474214777337,277.793233971282,300.79490867615,279.809680934664,254.386327751615,262.774460722683,187.845167931607,252.477151746162,260.80254259415,263.948151122493,358.10810685333,228.960876607382
"2010-03-01",357.88508892065,267.237913537562,270.709256127414,230.012806633933,259.764172292136,210.425848775906,269.53534284083,290.15759651405,299.935604520786,245.669108377184,228.290223188968,172.139578241771,256.849099401602,286.170121274572,256.067627766417,320.220179561771,233.060654805796
"2010-04-01",367.1627320866,266.079495162985,272.897538557078,226.606258956076,255.049108130293,206.303846388756,276.275345162701,297.810614031303,301.879620168208,244.798607353771,244.174148600906,191.349529379246,253.009446388555,286.62374916275,255.586703500333,341.236527158769,211.311944578585
"2010-05-01",373.010206033037,266.967162819995,267.50651978432,234.901677337215,259.467132177535,208.510655894208,265.665257693695,296.135874762213,300.420292080047,245.033685940628,259.768510355994,190.739475040473,252.705864272641,293.214459427867,251.203546976713,336.53102449607,232.967075963006
"2010-06-01",374.717784072974,267.638969998793,265.202745900536,238.381655317161,260.686508829994,208.789331220764,275.999375941367,296.320305506391,303.166055857987,255.062556475324,249.859295924253,193.610643758456,251.644011694263,280.046672322532,253.756972215346,324.650193224947,223.748697062878
"2010-07-01",373.393093206665,267.54018527111,268.789547147025,236.180730470938,261.492994078579,210.828660537613,259.725808337416,298.241617511664,308.113820675895,252.090484338662,262.243282910587,187.954963663596,255.843876397837,283.942864323071,257.211969180522,321.675519778309,222.083859115596
"2010-08-01",370.57780005185,264.670281884756,266.139391748619,237.569214104206,259.403292897112,206.330756129719,267.460898407282,294.854481278936,289.555435631291,252.187183838333,239.658285851262,194.252920317297,259.269484630651,275.712812620921,259.307520487717,327.251107562104,230.557965556758
"2010-09-01",373.179288536207,267.122126918557,267.686302955878,224.451486717169,260.951051156359,214.078004705021,258.193704359872,299.257064027767,295.925395581448,250.185506004256,286.160555825202,192.129655413991,252.639210709755,288.500263910549,255.732472736765,329.689885678199,225.286908783979
"2010-10-01",372.070404105199,278.674719330673,279.743308388113,224.795027430258,250.970908522614,213.436554876202,259.957990189194,299.944610964811,308.089034180176,246.824633220503,290.156412001384,190.931298585792,249.530616637341,280.572736299365,255.924946581121,322.371649458857,242.496089280438
"2010-11-01",374.277524769107,266.508034474605,268.011731289758,241.200142604356,258.204600638058,217.506489628248,257.148588693273,300.517274847661,296.775695974673,259.400700214234,272.323767494038,199.351505472634,255.766615561209,280.245515218274,257.095117480844,343.032814931787,241.60226809178
"2010-12-01",374.588314746628,276.795930660974,272.432994199503,238.65238257666,266.248169112029,212.380792242255,266.939662771351,301.916700940799,267.592698155929,249.340210046116,270.17743390188,190.484205279039,261.75229407352,297.599895487686,263.53546367019,333.401986040562,203.501464207407
"2011-01-01",373.904882934394,265.903382214479,283.765791277794,236.289600582856,267.253917084927,221.728295961003,263.699925426859,303.879657420355,262.428444605122,267.919576417392,282.330890326626,191.501240777383,258.283390613223,290.713753117462,257.741000739863,342.545189720822,236.325831218022
"2011-02-01",381.69105003995,288.398098588623,290.031427959759,241.675764183217,265.310599579772,218.557993000928,264.37205088548,309.429567139391,265.103614105846,256.368581424499,272.390358240009,194.437803345317,257.302565773581,286.286980586153,271.829952534504,349.684632125681,237.289326042506
"2011-03-01",376.897463682993,271.731675106342,286.557079094885,244.594045605744,263.570470366251,212.660249307874,268.188107583386,307.646520293999,301.233681990725,258.807673578065,258.457295829858,186.76789687611,257.68407916798,293.33932520927,263.202572815358,351.670958540024,242.693201855617
"2011-04-01",382.632430293287,275.853157522094,299.599966265784,229.359092511287,263.052994864887,213.95382750934,264.539701988982,307.45814898879,300.735068252437,250.921934702251,270.319157917999,197.059600608825,261.125197877134,294.980462695229,263.935803236056,333.781295416261,256.971504357159
"2011-05-01",394.940277771298,273.023068841361,287.397184280068,247.79963038265,268.215414349324,213.61828042806,267.779743768802,308.575034144203,300.35360925358,259.875168701018,269.215095445243,194.797916148583,260.089048697339,296.246872638514,269.107728901645,332.17609792472,250.54843025435
"2011-06-01",386.327402282278,275.262623871369,281.280977826601,234.214137316039,259.118866407508,215.594682885962,268.918573866701,305.258054278328,299.243925006871,256.592505013579,280.989878509232,202.894526165861,253.74305073023,284.47545624922,260.583340865271,326.592047078828,248.578520682504
"2011-07-01",395.906533771442,277.267912702938,283.318411887272,247.673417396113,262.201348047829,213.260164299033,254.676137606315,307.94452727027,275.750437610237,259.158827725218,277.274405993782,197.113407754214,257.407301795055,286.653620957354,261.682719951498,318.84777701046,249.601670585226
"2011-08-01",387.8752162312,278.098786142258,281.077464372777,244.969112006463,268.360036440171,214.733236045442,262.933011278489,304.687982019303,279.66021126284,257.212328619452,264.843013627449,197.284471797508,260.503312319996,302.616524936204,256.085701697794,330.21535005847,249.116518342937
"2011-09-01",390.742176339686,278.416389668948,287.526750905132,238.191930119205,262.812528676321,211.705333580515,267.371333939019,307.609708689653,286.428349115811,256.11775265104,295.677135624385,205.148218210725,268.660920761169,295.165274658039,264.071679681906,331.443891276791,234.243678970677
"2011-10-01",390.377460093064,279.5157146388,283.735858950956,250.581520064951,270.265525787941,205.350348582366,265.529696654434,303.722430928573,292.206741060855,247.925534165789,297.713694614027,191.706381172757,256.954594398597,280.896487121026,256.769853003963,326.420212193282,245.07336937313
"2011-11-01",389.577752228675,279.833488188516,281.053290494204,254.180651459031,265.037640415044,214.605250456983,263.027235259017,307.535815631931,289.92930615626,262.54578981157,295.285845248469,197.09822847302,264.165087764383,295.226254148986,259.946693405653,328.981897775948,216.335410601446
"2011-12-01",395.198605471366,280.539116986029,282.280129191848,246.735860549365,270.753517277131,227.504828095111,268.533435198196,312.326369915807,284.530854956754,253.256588025698,277.683818063915,197.140479651406,252.234084931553,285.90979989877,267.947532465871,341.153542352127,241.178133570384
"2012-01-01",395.532418368147,282.775641914874,296.525793427346,243.937834014889,270.782943323751,226.782291729079,269.314246816413,314.540575921856,298.411091532234,261.582192712377,263.441909839857,206.658976141297,270.667448927092,297.384632741808,273.152504197444,347.789335488049,243.923675002702
"2012-02-01",397.219563591068,281.647752851608,296.248200911011,261.410436757592,270.133076499071,218.710784006187,278.422691847479,319.440965087044,320.610317005193,256.425576280638,273.537880462592,190.575754516192,265.141655968236,288.976004423067,269.1422804528,364.772301597192,248.919901782567
"2012-03-01",397.063335208089,266.301423933725,309.572388372424,252.663053487261,270.97286595024,222.58429959392,275.929711434527,316.542828037364,299.903847819178,258.995411255179,262.274632263149,183.52931449786,263.781326239554,301.369346525176,264.783119260352,354.128097715568,245.289105926528
"2012-04-01",393.148699822832,286.965682822397,301.735223215843,248.694602332446,265.516145129395,221.433467351451,270.988819027533,317.314000329948,300.211694287786,259.529173841492,275.479599127982,196.753767157677,271.727967104697,309.304005475324,268.317721841675,348.413565474146,235.91163615307
"2012-05-01",409.412833241446,288.034333718295,308.469910990543,243.169633353133,269.745876282845,219.377182891227,274.003689075873,320.177055245232,294.777091458787,261.780342011422,283.733190741631,198.459921481941,265.654083458321,310.707287840605,264.416721272945,342.062286718164,249.191716692942
"2012-06-01",400.776398613185,285.892387910284,310.480243414389,252.523714065892,261.312878870622,221.381087756295,280.770971266766,317.184458948834,309.111945985312,259.323276363808,278.657502337177,190.568968399959,259.254728191798,302.258830783329,261.961719638113,331.952622695735,251.081134899795
"2012-07-01",403.71229109318,282.145038564358,307.697496769785,245.437700267787,267.586267553554,218.872974097872,271.797467927774,316.738520110756,287.79103278894,260.890655402878,294.36876731633,196.110520178515,267.841914098941,310.909195588355,267.175940748954,325.288241138067,251.880246172514
"2012-08-01",402.457462392123,281.253915480762,305.231570868307,249.229572692439,268.517938956632,216.682378802369,274.863437170616,317.05877405543,285.827293903291,269.171095854506,296.687683845379,195.987328551804,268.486556330347,298.024604681467,259.899250903317,333.615648162672,252.794590295351
"2012-09-01",407.166735508571,279.550408223995,318.100675022349,246.675809246759,272.044220285125,220.120495834356,262.964522306742,320.001531954531,286.967298253643,260.244385778411,289.165323322054,203.109044064466,257.059375766952,286.022305757997,266.200728611455,326.54421663624,246.143442358368
"2012-10-01",408.56185992622,288.346591657762,313.632330026735,257.777895645633,274.164225660219,224.464487780756,270.17253405522,322.417654060315,294.645284933534,268.118549441178,295.096519311059,199.456602619232,270.930574276343,300.580735582135,263.85820547934,337.021594184865,256.86154687602
"2012-11-01",411.092781713224,282.768740134292,313.612572204661,250.635666862546,266.579012087369,239.239216340802,270.076795823492,322.493682920072,290.067457169891,261.502523526054,307.100985331708,200.627490448333,260.227780979563,300.460436649792,265.712641404425,334.902254039513,248.094451607451
"2012-12-01",409.539617531959,286.572255024405,318.510987551005,250.59273570193,274.620740572793,219.525772530973,263.047193185513,322.17166149823,298.297108676946,273.166230998637,286.255016197578,192.115270001108,255.319955878539,302.485418437798,271.170516914266,341.667047539618,258.499263326519
"2013-01-01",412.884217180075,287.575366641964,324.943088514598,256.450122331234,282.515624865033,224.308969657039,268.637515983658,329.07805071653,298.073702330304,266.814312209807,293.668671319986,198.415417854906,279.604289040033,300.655399227715,276.769669967302,355.432269908226,238.210789388392
"2013-02-01",417.880906829979,274.114225730145,332.480116374334,246.855687355829,274.367716152268,230.347194748358,263.556558681172,332.233978338389,295.444889460275,257.26686805904,284.465439406336,204.970470323397,275.509744036713,329.713812034598,279.137356678327,360.411761777733,260.834899505412
"2013-03-01",410.551826050665,278.909149900257,326.378357825657,250.478446910572,270.264180466535,217.466655177096,274.195333463006,326.397137505821,296.282018003409,265.267975127538,273.895473122563,188.228975197102,257.857486764539,308.8588180984,278.784375297269,360.515414341655,248.080035050879
"2013-04-01",405.078778586032,279.831771187569,328.287769380134,266.16473229219,270.600648154437,218.84580972896,281.645424927912,325.877160549007,294.87311812012,267.352066035117,280.431863793338,201.435261416306,292.106448682466,312.750618335604,264.223469924605,360.105790240053,249.994384811635
"2013-05-01",416.673768566709,291.539810219012,333.045454813664,251.102271645667,275.71282814653,215.960021623364,278.005626965491,329.120117994491,299.335546798195,267.095195793791,279.089581128998,202.65022106725,273.990409670525,289.822267299342,272.77843505823,347.68449506883,237.500749877916
"2013-06-01",423.114042458615,282.698497427711,340.71487346727,264.107688009157,267.445710763142,226.078883146235,275.982683103067,333.950691724896,296.332870409186,267.085696543835,295.246918207632,199.346057514967,283.009870238998,331.362811937573,270.332072706675,343.939816002215,248.031287452862
"2013-07-01",417.86299529404,287.668016930593,331.117091605729,250.646719757656,271.837026810994,207.062765889195,278.326313615968,325.762412528284,272.23982519672,263.192085398711,300.910552649761,198.561322774498,267.597640901469,291.555280074929,267.115164661641,337.009737174566,244.53944329484
"2013-08-01",414.730268468274,279.844004077061,335.278711515596,250.577616786182,266.452361256831,222.280511034973,277.908496021576,327.520606443012,284.324803706089,272.340837583398,275.702590769943,201.21379401237,276.277644266273,313.833635777046,265.217969092177,343.590524529187,229.887450171573
"2013-09-01",421.339661589557,283.394519991363,348.178275491947,252.592721772844,273.863263606644,219.877676015395,265.010125382373,331.072476736271,287.263126812442,262.698146240446,281.281761131889,204.406588566629,284.201273177819,313.39391996344,274.735254450306,338.62704660428,231.487818688126
"2013-10-01",416.640006185058,289.381907961886,352.992170676338,259.579830924046,272.598607438511,224.436282407887,271.884471436579,332.654538596606,288.842378566873,262.408261128955,314.493176416207,205.676396743727,272.580808088486,308.621947763336,270.352974166057,338.590636663586,251.159551818477
"2013-11-01",419.98808569003,285.895655544334,344.083638074136,258.758187648039,271.239370771848,231.441466585148,276.779968781965,335.438019286965,285.139349397062,268.79946424854,320.690382482836,201.884230225167,285.961229607112,307.884671621807,277.166864718138,338.025336434147,240.481432349737
"2013-12-01",425.818563557455,292.791798414726,345.494491260437,252.292785310632,278.790108485595,234.3479494173,287.70333195461,336.235930670175,294.379376716913,265.973130263714,317.56612136574,204.495215003706,305.104915071282,309.159164931073,277.618333357243,345.990391189342,238.67776074475
"2014-01-01",425.044024780785,289.941598778321,361.225741370754,251.778772544507,277.031707097286,228.135277944859,274.126683528556,341.794477371378,294.227314957282,276.491171797047,310.131574470369,208.622037581435,283.323492382895,304.684886474246,283.065141319301,369.772081599705,235.986185514199
"2014-02-01",428.172595242566,285.694404957596,372.010517151905,258.667682126854,281.533754124371,223.783078633499,281.017804012466,346.37315209272,313.288276441571,262.671990606471,310.222481253959,202.125907639687,278.500157306044,318.072572908627,288.695489385699,382.414620089816,251.051688334781
"2014-03-01",424.506075975038,281.150458106657,363.690555964236,241.394094047963,279.872729260413,226.911352053401,271.19136667754,341.059294925403,291.737331950461,260.314735219321,277.504783723818,186.538150408581,281.639784334925,310.973212447429,282.724570311014,373.057942359111,252.197502897241
"2014-04-01",420.398523780088,281.476006786565,370.774742802915,251.604572029794,276.563458856448,230.911455665036,286.971116132038,339.410762992325,283.485394890061,271.699332355903,291.879198381095,202.004962236033,268.785696754803,311.332698789924,274.049895174215,353.318150168517,241.92941154973
"2014-05-01",435.701279374363,293.662697507716,369.794559699749,254.514741224164,279.167304151195,225.184343660265,282.84189332422,344.686385145451,296.797668888358,261.503265041523,294.186962635593,210.973381591661,280.226531133624,330.023742901333,274.24954948299,357.657030698221,250.058974548
"2014-06-01",439.452757388457,288.945106402098,367.932776235992,269.040393959127,276.379621090332,220.967842872024,269.224152120243,341.658376575968,314.51699907479,268.112243820694,288.947091961297,209.745651489333,291.326316979038,310.354856051418,278.051215554569,352.367081541055,235.618043708222
"2014-07-01",425.607283371251,294.692061980378,359.735019522637,255.096520102438,275.76235274754,232.143227650484,287.310137702171,337.927687362048,291.69794517603,264.077106331428,301.198513327947,207.701663734225,272.777825501729,313.637307673533,276.696723914456,340.459680314871,244.008348923521
"2014-08-01",430.59182148712,281.833839531417,365.063460139475,250.489695418983,273.018192382983,216.832982093126,273.073940070956,337.322237137435,299.720365992065,267.950161444725,298.419554588225,197.08594008377,289.191321988182,296.747782235653,272.980966719073,344.205456062819,245.80598535607
"2014-09-01",431.990065906403,290.61361778847,370.946475927298,255.298976730102,274.865239205069,227.817446035488,276.978446863701,344.393322476329,299.65417919001,272.51635724506,326.103398592041,205.188909847907,290.363513945506,306.981249208581,279.840687673176,346.321483889093,232.948363688027
"2014-10-01",438.255789654558,284.03284172708,375.258310738169,263.729393195919,273.767084304769,227.243666789891,285.796308237941,343.651885459318,309.990759624468,270.46057732869,309.215671698839,206.482076831875,289.013600106858,308.960542055911,280.296937847832,343.721338460269,244.224602869715
"2014-11-01",441.4605436106,291.578531793308,357.710574954622,244.40963204414,271.418967440445,234.754337795682,281.421950831286,341.991726291208,299.681089223775,270.326448782723,319.922179950626,205.90633380883,272.678540779651,304.465579000266,278.845521710091,342.079038391024,250.805639011005
"2014-12-01",450.535512059627,291.012313017299,356.165216725307,259.38020212469,291.377317696451,232.95577041963,281.280450595774,351.338277172908,302.179680202362,266.721542194468,310.879516596185,198.618430865654,300.231962276453,340.021351262416,282.437168956129,366.024068067761,232.065135311596
"2015-01-01",446.277448641465,298.671103429657,382.526395129432,241.820615934199,282.42946502716,236.522093963757,284.505404898863,354.713564097048,314.907873438571,277.674361722528,324.481720055244,212.343580411619,289.683621797322,332.438698330451,284.772472677677,371.771555183257,246.982453200066
"2015-02-01",457.273900808837,299.348556359812,383.562751140334,262.329391566755,287.738794520161,230.594425830554,286.827180963064,361.998682495766,305.714542083311,270.056770636586,315.882103380621,200.956987621435,292.801121593022,344.530654012951,304.268886514373,378.195846323752,254.4916463979
"2015-03-01",451.869416063429,302.665614367184,373.049584220305,262.111660329194,282.698232946292,230.180388973536,293.79373666043,356.877188633786,290.960492661354,273.4648011694,290.090529461542,192.04615375062,287.090809339005,307.554677025215,292.886737502443,388.227259556124,237.249989362499
"2015-04-01",450.647065330448,306.865833061696,368.66645906452,255.535940992032,280.225319553004,233.91608226778,298.003614172982,358.488677466917,304.849118477465,282.77578836367,303.008846827088,206.881972327472,282.280325706019,321.392258967385,286.028941077795,370.014297088484,230.723563657144
"2015-05-01",459.904089967721,305.028451829028,365.99972874544,271.884399181617,283.588431427032,232.529360578824,293.157570947545,356.604670857088,312.362782593012,278.338081395004,313.299096680625,217.61494013,291.574187410462,327.134471605582,286.97176404949,355.466033225403,237.743058325875
"2015-06-01",462.336268589692,316.200732092504,369.167645798919,265.621206597768,279.763480781559,236.462832198938,289.469354611393,359.494252689479,302.265689720542,281.044098092981,312.746886689477,207.987548907306,277.124326266086,321.060024577117,287.106782158411,369.043841012594,236.775449486872
"2015-07-01",459.652048232752,315.403066665565,354.400740483818,276.194379341295,282.339138298479,232.638574093269,289.105877424111,357.972235207667,318.462513985636,284.242626945738,315.779886876472,206.204831321398,299.614806942308,328.898535106061,286.841196711687,353.566859735055,216.806948241847
"2015-08-01",463.263909067448,310.172953074012,355.282839052309,263.491253768114,288.102369017686,231.875214477762,285.017880233743,355.164949673126,311.801752776201,282.083542152999,311.409289933837,210.936181512695,285.834219515773,307.088023588758,285.004794874909,357.786883967587,234.546950685582
"2015-09-01",466.499026539142,313.892720732803,355.153752525665,258.039153715432,280.134709831631,240.574541399745,290.279295432605,358.761823187745,319.686674713095,286.421266064673,304.487219499089,204.971072462065,300.996641553641,329.422302529514,295.961657952953,344.778096091949,211.149209591623
"2015-10-01",472.720947358074,317.621073520915,355.501447085086,272.984551385518,286.486590813806,235.376683471162,288.373241600269,363.453939637748,317.02865200569,285.140086233889,349.405202907743,211.151900780411,297.961708918802,320.756636701853,291.756078719838,342.453725498768,216.757346361872
"2015-11-01",476.178976094119,310.244192551352,350.795081996026,257.879633938131,291.431100042368,243.903003256433,297.241560842506,363.996332868985,323.298560316736,292.923221979687,347.563736954164,220.228995184656,297.893269925293,332.70546374345,297.169679860202,363.553879860489,231.190638324451
"2015-12-01",464.617260215996,333.008854683227,349.692906819463,264.04834374873,288.087292548608,250.726422067292,293.208780597585,362.282037118901,329.474372111257,297.066417176119,326.794474981153,219.168494563063,280.068953488282,325.917910887339,299.473697977795,365.642616221893,223.281645885908
"2016-01-01",470.898471512984,328.037997159858,369.231548428342,268.020206293421,299.29728633296,238.316594657796,292.806294168447,367.241787468777,316.324979848614,295.380827333734,330.307404596369,212.106253286129,310.946401832937,340.228460417627,300.215782902672,371.307659802946,218.148836869979
"2016-02-01",480.635372620786,335.415673228713,374.355306595345,262.254785823481,287.385946075378,244.587003768328,292.930692632388,375.587386889919,313.695646265401,297.507530894261,329.989086599227,196.631458225387,288.760629501233,335.471922605802,305.533098970619,400.099168355729,225.877441069762
"2016-03-01",476.96461181269,329.359529703903,353.846784119771,264.490494161449,300.915373839061,240.459927612527,302.731239847404,373.227920045532,331.387747130593,297.979656510143,310.529140944729,202.844131315522,289.557235168891,311.533067537253,312.045639039065,397.767119921483,228.426746486503
"2016-04-01",477.596113434468,335.321180510926,357.966286170811,260.704091295167,295.362231200828,239.627358591787,300.078487000685,372.55014165736,307.796502211805,296.164675581564,313.87156541779,224.634532685677,291.912408934955,354.589133698912,301.842609449635,388.901611140677,212.24304803072
